Feature,SHAP_Value,Impact,EmployeeID,Rank,ActualAttrition,PredictedAttrition,Probability_of_Leaving,FinancialRisk,RiskCategory
Single,0.883,Increases Risk,1041,1,0,0,0.06491801106864294,98892.2,Medium
Sales Executive,0.696,Increases Risk,1041,2,0,0,0.06491801106864294,98892.2,Medium
JobSatisfaction,0.676,Increases Risk,1041,3,0,0,0.06491801106864294,98892.2,Medium
Sales Department,0.404,Increases Risk,1041,4,0,0,0.06491801106864294,98892.2,Medium
Travels Rarely,0.35,Increases Risk,1041,5,0,0,0.06491801106864294,98892.2,Medium
EnvironmentSatisfaction,-0.588,Reduces Risk,1041,1,0,0,0.06491801106864294,98892.2,Medium
NumCompaniesWorked,-0.524,Reduces Risk,1041,2,0,0,0.06491801106864294,98892.2,Medium
Travels Frequently,-0.49,Reduces Risk,1041,3,0,0,0.06491801106864294,98892.2,Medium
Overtime,-0.409,Reduces Risk,1041,4,0,0,0.06491801106864294,98892.2,Medium
Medical,-0.343,Reduces Risk,1041,5,0,0,0.06491801106864294,98892.2,Medium
JobSatisfaction,0.676,Increases Risk,184,1,0,0,0.0026356017893615006,2111.12,Low
Manufacturing Director,0.541,Increases Risk,184,2,0,0,0.0026356017893615006,2111.12,Low
YearsInCurrentRole,0.375,Increases Risk,184,3,0,0,0.0026356017893615006,2111.12,Low
Travels Rarely,0.35,Increases Risk,184,4,0,0,0.0026356017893615006,2111.12,Low
TotalWorkingYears,0.32,Increases Risk,184,5,0,0,0.0026356017893615006,2111.12,Low
JobInvolvement,-0.61,Reduces Risk,184,1,0,0,0.0026356017893615006,2111.12,Low
EnvironmentSatisfaction,-0.588,Reduces Risk,184,2,0,0,0.0026356017893615006,2111.12,Low
Travels Frequently,-0.49,Reduces Risk,184,3,0,0,0.0026356017893615006,2111.12,Low
Single,-0.475,Reduces Risk,184,4,0,0,0.0026356017893615006,2111.12,Low
Age,-0.459,Reduces Risk,184,5,0,0,0.0026356017893615006,2111.12,Low
Human Resources,1.787,Increases Risk,1222,1,1,0,0.34261177611996835,95897.04,Medium
JobInvolvement,0.819,Increases Risk,1222,2,1,0,0.34261177611996835,95897.04,Medium
YearsInCurrentRole,0.73,Increases Risk,1222,3,1,0,0.34261177611996835,95897.04,Medium
TotalWorkingYears,0.557,Increases Risk,1222,4,1,0,0.34261177611996835,95897.04,Medium
DistanceFromHome,0.535,Increases Risk,1222,5,1,0,0.34261177611996835,95897.04,Medium
YearsAtCompany,-0.609,Reduces Risk,1222,1,1,0,0.34261177611996835,95897.04,Medium
EnvironmentSatisfaction,-0.588,Reduces Risk,1222,2,1,0,0.34261177611996835,95897.04,Medium
Travels Frequently,-0.49,Reduces Risk,1222,3,1,0,0.34261177611996835,95897.04,Medium
Single,-0.475,Reduces Risk,1222,4,1,0,0.34261177611996835,95897.04,Medium
Overtime,-0.409,Reduces Risk,1222,5,1,0,0.34261177611996835,95897.04,Medium
Research Scientist,0.75,Increases Risk,67,1,0,0,0.012852388288665861,22495.79,Low
YearsInCurrentRole,0.73,Increases Risk,67,2,0,0,0.012852388288665861,22495.79,Low
JobSatisfaction,0.676,Increases Risk,67,3,0,0,0.012852388288665861,22495.79,Low
YearsWithCurrManager,0.503,Increases Risk,67,4,0,0,0.012852388288665861,22495.79,Low
Travels Rarely,0.35,Increases Risk,67,5,0,0,0.012852388288665861,22495.79,Low
TotalWorkingYears,-0.865,Reduces Risk,67,1,0,0,0.012852388288665861,22495.79,Low
YearsAtCompany,-0.609,Reduces Risk,67,2,0,0,0.012852388288665861,22495.79,Low
Travels Frequently,-0.49,Reduces Risk,67,3,0,0,0.012852388288665861,22495.79,Low
Single,-0.475,Reduces Risk,67,4,0,0,0.012852388288665861,22495.79,Low
Overtime,-0.409,Reduces Risk,67,5,0,0,0.012852388288665861,22495.79,Low
Laboratory Technician,1.794,Increases Risk,220,1,0,0,0.05067714240436186,53946.83,Medium
NumCompaniesWorked,1.106,Increases Risk,220,2,0,0,0.05067714240436186,53946.83,Medium
Single,0.883,Increases Risk,220,3,0,0,0.05067714240436186,53946.83,Medium
YearsAtCompany,0.708,Increases Risk,220,4,0,0,0.05067714240436186,53946.83,Medium
Travels Rarely,0.35,Increases Risk,220,5,0,0,0.05067714240436186,53946.83,Medium
YearsInCurrentRole,-1.223,Reduces Risk,220,1,0,0,0.05067714240436186,53946.83,Medium
EnvironmentSatisfaction,-0.588,Reduces Risk,220,2,0,0,0.05067714240436186,53946.83,Medium
WorkLifeBalance,-0.515,Reduces Risk,220,3,0,0,0.05067714240436186,53946.83,Medium
Travels Frequently,-0.49,Reduces Risk,220,4,0,0,0.05067714240436186,53946.83,Medium
YearsWithCurrManager,-0.416,Reduces Risk,220,5,0,0,0.05067714240436186,53946.83,Medium
JobRole_Sales Representative,1.949,Increases Risk,494,1,0,0,0.32748404370708956,152024.64,High
Overtime,1.744,Increases Risk,494,2,0,0,0.32748404370708956,152024.64,High
Technical Degree,0.428,Increases Risk,494,3,0,0,0.32748404370708956,152024.64,High
Sales Department,0.404,Increases Risk,494,4,0,0,0.32748404370708956,152024.64,High
YearsInCurrentRole,0.375,Increases Risk,494,5,0,0,0.32748404370708956,152024.64,High
Travels Frequently,-0.49,Reduces Risk,494,1,0,0,0.32748404370708956,152024.64,High
Single,-0.475,Reduces Risk,494,2,0,0,0.32748404370708956,152024.64,High
NumCompaniesWorked,-0.32,Reduces Risk,494,3,0,0,0.32748404370708956,152024.64,High
YearsSinceLastPromotion,-0.313,Reduces Risk,494,4,0,0,0.32748404370708956,152024.64,High
Male,-0.296,Reduces Risk,494,5,0,0,0.32748404370708956,152024.64,High
Laboratory Technician,1.794,Increases Risk,430,1,0,0,0.4042792968936502,307818.26,High
Single,0.883,Increases Risk,430,2,0,0,0.4042792968936502,307818.26,High
JobInvolvement,0.819,Increases Risk,430,3,0,0,0.4042792968936502,307818.26,High
DistanceFromHome,0.535,Increases Risk,430,4,0,0,0.4042792968936502,307818.26,High
Travels Rarely,0.35,Increases Risk,430,5,0,0,0.4042792968936502,307818.26,High
EnvironmentSatisfaction,-0.588,Reduces Risk,430,1,0,0,0.4042792968936502,307818.26,High
NumCompaniesWorked,-0.524,Reduces Risk,430,2,0,0,0.4042792968936502,307818.26,High
Travels Frequently,-0.49,Reduces Risk,430,3,0,0,0.4042792968936502,307818.26,High
Overtime,-0.409,Reduces Risk,430,4,0,0,0.4042792968936502,307818.26,High
Life Sciences,-0.373,Reduces Risk,430,5,0,0,0.4042792968936502,307818.26,High
Laboratory Technician,1.794,Increases Risk,240,1,0,0,0.034445781709436386,13838.94,Low
NumCompaniesWorked,0.903,Increases Risk,240,2,0,0,0.034445781709436386,13838.94,Low
YearsInCurrentRole,0.375,Increases Risk,240,3,0,0,0.034445781709436386,13838.94,Low
Travels Rarely,0.35,Increases Risk,240,4,0,0,0.034445781709436386,13838.94,Low
TrainingTimesLastYear,0.274,Increases Risk,240,5,0,0,0.034445781709436386,13838.94,Low
Travels Frequently,-0.49,Reduces Risk,240,1,0,0,0.034445781709436386,13838.94,Low
Single,-0.475,Reduces Risk,240,2,0,0,0.034445781709436386,13838.94,Low
StockOptionLevel,-0.459,Reduces Risk,240,3,0,0,0.034445781709436386,13838.94,Low
Overtime,-0.409,Reduces Risk,240,4,0,0,0.034445781709436386,13838.94,Low
YearsAtCompany,-0.39,Reduces Risk,240,5,0,0,0.034445781709436386,13838.94,Low
YearsSinceLastPromotion,1.615,Increases Risk,218,1,0,0,0.060535072621371644,96595.82,Medium
YearsAtCompany,1.367,Increases Risk,218,2,0,0,0.060535072621371644,96595.82,Medium
Single,0.883,Increases Risk,218,3,0,0,0.060535072621371644,96595.82,Medium
NumCompaniesWorked,0.699,Increases Risk,218,4,0,0,0.060535072621371644,96595.82,Medium
Sales Executive,0.696,Increases Risk,218,5,0,0,0.060535072621371644,96595.82,Medium
TotalWorkingYears,-0.746,Reduces Risk,218,1,0,0,0.060535072621371644,96595.82,Medium
Travels Rarely,-0.622,Reduces Risk,218,2,0,0,0.060535072621371644,96595.82,Medium
EnvironmentSatisfaction,-0.588,Reduces Risk,218,3,0,0,0.060535072621371644,96595.82,Medium
YearsWithCurrManager,-0.547,Reduces Risk,218,4,0,0,0.060535072621371644,96595.82,Medium
YearsInCurrentRole,-0.513,Reduces Risk,218,5,0,0,0.060535072621371644,96595.82,Medium
Laboratory Technician,1.794,Increases Risk,49,1,0,0,0.013795952562961355,5634.54,Low
YearsInCurrentRole,0.73,Increases Risk,49,2,0,0,0.013795952562961355,5634.54,Low
TotalWorkingYears,0.557,Increases Risk,49,3,0,0,0.013795952562961355,5634.54,Low
YearsWithCurrManager,0.372,Increases Risk,49,4,0,0,0.013795952562961355,5634.54,Low
Travels Rarely,0.35,Increases Risk,49,5,0,0,0.013795952562961355,5634.54,Low
JobInvolvement,-0.61,Reduces Risk,49,1,0,0,0.013795952562961355,5634.54,Low
YearsAtCompany,-0.609,Reduces Risk,49,2,0,0,0.013795952562961355,5634.54,Low
EnvironmentSatisfaction,-0.588,Reduces Risk,49,3,0,0,0.013795952562961355,5634.54,Low
JobSatisfaction,-0.51,Reduces Risk,49,4,0,0,0.013795952562961355,5634.54,Low
Travels Frequently,-0.49,Reduces Risk,49,5,0,0,0.013795952562961355,5634.54,Low
JobRole_Sales Representative,1.949,Increases Risk,665,1,0,1,0.5171301542967541,306616.81,High
Overtime,1.744,Increases Risk,665,2,0,1,0.5171301542967541,306616.81,High
Single,0.883,Increases Risk,665,3,0,1,0.5171301542967541,306616.81,High
TotalWorkingYears,0.438,Increases Risk,665,4,0,1,0.5171301542967541,306616.81,High
Sales Department,0.404,Increases Risk,665,5,0,1,0.5171301542967541,306616.81,High
EnvironmentSatisfaction,-0.588,Reduces Risk,665,1,0,1,0.5171301542967541,306616.81,High
JobSatisfaction,-0.51,Reduces Risk,665,2,0,1,0.5171301542967541,306616.81,High
Travels Frequently,-0.49,Reduces Risk,665,3,0,1,0.5171301542967541,306616.81,High
YearsAtCompany,-0.39,Reduces Risk,665,4,0,1,0.5171301542967541,306616.81,High
Life Sciences,-0.373,Reduces Risk,665,5,0,1,0.5171301542967541,306616.81,High
YearsSinceLastPromotion,2.097,Increases Risk,926,1,0,0,0.05287163792082768,97367.35,Medium
YearsAtCompany,1.587,Increases Risk,926,2,0,0,0.05287163792082768,97367.35,Medium
Single,0.883,Increases Risk,926,3,0,0,0.05287163792082768,97367.35,Medium
Sales Executive,0.696,Increases Risk,926,4,0,0,0.05287163792082768,97367.35,Medium
Sales Department,0.404,Increases Risk,926,5,0,0,0.05287163792082768,97367.35,Medium
YearsWithCurrManager,-1.729,Reduces Risk,926,1,0,0,0.05287163792082768,97367.35,Medium
TotalWorkingYears,-0.746,Reduces Risk,926,2,0,0,0.05287163792082768,97367.35,Medium
EnvironmentSatisfaction,-0.588,Reduces Risk,926,3,0,0,0.05287163792082768,97367.35,Medium
WorkLifeBalance,-0.515,Reduces Risk,926,4,0,0,0.05287163792082768,97367.35,Medium
YearsInCurrentRole,-0.513,Reduces Risk,926,5,0,0,0.05287163792082768,97367.35,Medium
NumCompaniesWorked,1.31,Increases Risk,617,1,0,0,0.0819062934609307,87471.01,Medium
Single,0.883,Increases Risk,617,2,0,0,0.0819062934609307,87471.01,Medium
YearsInCurrentRole,0.375,Increases Risk,617,3,0,0,0.0819062934609307,87471.01,Medium
Travels Rarely,0.35,Increases Risk,617,4,0,0,0.0819062934609307,87471.01,Medium
JobSatisfaction,0.281,Increases Risk,617,5,0,0,0.0819062934609307,87471.01,Medium
EnvironmentSatisfaction,-0.588,Reduces Risk,617,1,0,0,0.0819062934609307,87471.01,Medium
Travels Frequently,-0.49,Reduces Risk,617,2,0,0,0.0819062934609307,87471.01,Medium
Overtime,-0.409,Reduces Risk,617,3,0,0,0.0819062934609307,87471.01,Medium
Medical,-0.343,Reduces Risk,617,4,0,0,0.0819062934609307,87471.01,Medium
Laboratory Technician,-0.268,Reduces Risk,617,5,0,0,0.0819062934609307,87471.01,Medium
Laboratory Technician,1.794,Increases Risk,361,1,0,0,0.03829515258949807,15254.49,Low
Overtime,1.744,Increases Risk,361,2,0,0,0.03829515258949807,15254.49,Low
Travels Rarely,0.35,Increases Risk,361,3,0,0,0.03829515258949807,15254.49,Low
Married,0.239,Increases Risk,361,4,0,0,0.03829515258949807,15254.49,Low
Medical,0.21,Increases Risk,361,5,0,0,0.03829515258949807,15254.49,Low
JobInvolvement,-0.61,Reduces Risk,361,1,0,0,0.03829515258949807,15254.49,Low
EnvironmentSatisfaction,-0.588,Reduces Risk,361,2,0,0,0.03829515258949807,15254.49,Low
YearsInCurrentRole,-0.513,Reduces Risk,361,3,0,0,0.03829515258949807,15254.49,Low
Travels Frequently,-0.49,Reduces Risk,361,4,0,0,0.03829515258949807,15254.49,Low
Single,-0.475,Reduces Risk,361,5,0,0,0.03829515258949807,15254.49,Low
Single,0.883,Increases Risk,1423,1,0,0,0.023319682863512124,14166.71,Low
Research Scientist,0.75,Increases Risk,1423,2,0,0,0.023319682863512124,14166.71,Low
TotalWorkingYears,0.379,Increases Risk,1423,3,0,0,0.023319682863512124,14166.71,Low
YearsInCurrentRole,0.375,Increases Risk,1423,4,0,0,0.023319682863512124,14166.71,Low
Age,0.364,Increases Risk,1423,5,0,0,0.023319682863512124,14166.71,Low
EnvironmentSatisfaction,-0.588,Reduces Risk,1423,1,0,0,0.023319682863512124,14166.71,Low
NumCompaniesWorked,-0.524,Reduces Risk,1423,2,0,0,0.023319682863512124,14166.71,Low
WorkLifeBalance,-0.515,Reduces Risk,1423,3,0,0,0.023319682863512124,14166.71,Low
Travels Frequently,-0.49,Reduces Risk,1423,4,0,0,0.023319682863512124,14166.71,Low
Overtime,-0.409,Reduces Risk,1423,5,0,0,0.023319682863512124,14166.71,Low
Travels Frequently,1.326,Increases Risk,1244,1,0,0,0.10354562217854835,92594.64,Medium
Single,0.883,Increases Risk,1244,2,0,0,0.10354562217854835,92594.64,Medium
Research Scientist,0.75,Increases Risk,1244,3,0,0,0.10354562217854835,92594.64,Medium
JobSatisfaction,0.676,Increases Risk,1244,4,0,0,0.10354562217854835,92594.64,Medium
Technical Degree,0.428,Increases Risk,1244,5,0,0,0.10354562217854835,92594.64,Medium
Travels Rarely,-0.622,Reduces Risk,1244,1,0,0,0.10354562217854835,92594.64,Medium
EnvironmentSatisfaction,-0.588,Reduces Risk,1244,2,0,0,0.10354562217854835,92594.64,Medium
NumCompaniesWorked,-0.524,Reduces Risk,1244,3,0,0,0.10354562217854835,92594.64,Medium
YearsInCurrentRole,-0.513,Reduces Risk,1244,4,0,0,0.10354562217854835,92594.64,Medium
YearsWithCurrManager,-0.416,Reduces Risk,1244,5,0,0,0.10354562217854835,92594.64,Medium
Overtime,1.744,Increases Risk,1250,1,0,0,0.17400551238083178,197134.33,High
Travels Frequently,1.326,Increases Risk,1250,2,0,0,0.17400551238083178,197134.33,High
NumCompaniesWorked,1.106,Increases Risk,1250,3,0,0,0.17400551238083178,197134.33,High
Single,0.883,Increases Risk,1250,4,0,0,0.17400551238083178,197134.33,High
YearsInCurrentRole,0.375,Increases Risk,1250,5,0,0,0.17400551238083178,197134.33,High
Travels Rarely,-0.622,Reduces Risk,1250,1,0,0,0.17400551238083178,197134.33,High
JobInvolvement,-0.61,Reduces Risk,1250,2,0,0,0.17400551238083178,197134.33,High
EnvironmentSatisfaction,-0.588,Reduces Risk,1250,3,0,0,0.17400551238083178,197134.33,High
WorkLifeBalance,-0.515,Reduces Risk,1250,4,0,0,0.17400551238083178,197134.33,High
YearsAtCompany,-0.39,Reduces Risk,1250,5,0,0,0.17400551238083178,197134.33,High
YearsSinceLastPromotion,2.097,Increases Risk,752,1,1,0,0.11495314663846609,56756.97,Medium
Laboratory Technician,1.794,Increases Risk,752,2,1,0,0.11495314663846609,56756.97,Medium
YearsAtCompany,1.147,Increases Risk,752,3,1,0,0.11495314663846609,56756.97,Medium
Single,0.883,Increases Risk,752,4,1,0,0.11495314663846609,56756.97,Medium
JobSatisfaction,0.676,Increases Risk,752,5,1,0,0.11495314663846609,56756.97,Medium
YearsInCurrentRole,-1.578,Reduces Risk,752,1,1,0,0.11495314663846609,56756.97,Medium
YearsWithCurrManager,-1.335,Reduces Risk,752,2,1,0,0.11495314663846609,56756.97,Medium
JobInvolvement,-0.61,Reduces Risk,752,3,1,0,0.11495314663846609,56756.97,Medium
Travels Frequently,-0.49,Reduces Risk,752,4,1,0,0.11495314663846609,56756.97,Medium
TotalWorkingYears,-0.45,Reduces Risk,752,5,1,0,0.11495314663846609,56756.97,Medium
Overtime,1.744,Increases Risk,271,1,1,0,0.17763143396100525,378855.87,High
YearsSinceLastPromotion,1.133,Increases Risk,271,2,1,0,0.17763143396100525,378855.87,High
DistanceFromHome,0.826,Increases Risk,271,3,1,0,0.17763143396100525,378855.87,High
EnvironmentSatisfaction,0.55,Increases Risk,271,4,1,0,0.17763143396100525,378855.87,High
YearsAtCompany,0.379,Increases Risk,271,5,1,0,0.17763143396100525,378855.87,High
YearsWithCurrManager,-0.679,Reduces Risk,271,1,1,0,0.17763143396100525,378855.87,High
Travels Rarely,-0.622,Reduces Risk,271,2,1,0,0.17763143396100525,378855.87,High
YearsInCurrentRole,-0.513,Reduces Risk,271,3,1,0,0.17763143396100525,378855.87,High
Travels Frequently,-0.49,Reduces Risk,271,4,1,0,0.17763143396100525,378855.87,High
Single,-0.475,Reduces Risk,271,5,1,0,0.17763143396100525,378855.87,High
Travels Frequently,1.326,Increases Risk,1055,1,0,0,0.029459511778925255,90183.23,Medium
NumCompaniesWorked,0.903,Increases Risk,1055,2,0,0,0.029459511778925255,90183.23,Medium
YearsAtCompany,0.818,Increases Risk,1055,3,0,0,0.029459511778925255,90183.23,Medium
JobSatisfaction,0.676,Increases Risk,1055,4,0,0,0.029459511778925255,90183.23,Medium
YearsSinceLastPromotion,0.651,Increases Risk,1055,5,0,0,0.029459511778925255,90183.23,Medium
JobRole_Research Director,-1.125,Reduces Risk,1055,1,0,0,0.029459511778925255,90183.23,Medium
YearsInCurrentRole,-0.691,Reduces Risk,1055,2,0,0,0.029459511778925255,90183.23,Medium
YearsWithCurrManager,-0.679,Reduces Risk,1055,3,0,0,0.029459511778925255,90183.23,Medium
Travels Rarely,-0.622,Reduces Risk,1055,4,0,0,0.029459511778925255,90183.23,Medium
Single,-0.475,Reduces Risk,1055,5,0,0,0.029459511778925255,90183.23,Medium
Laboratory Technician,1.794,Increases Risk,259,1,1,1,0.5570346341258753,348826.23,High
Travels Frequently,1.326,Increases Risk,259,2,1,1,0.5570346341258753,348826.23,High
Single,0.883,Increases Risk,259,3,1,1,0.5570346341258753,348826.23,High
DistanceFromHome,0.826,Increases Risk,259,4,1,1,0.5570346341258753,348826.23,High
JobInvolvement,0.343,Increases Risk,259,5,1,1,0.5570346341258753,348826.23,High
Travels Rarely,-0.622,Reduces Risk,259,1,1,1,0.5570346341258753,348826.23,High
NumCompaniesWorked,-0.524,Reduces Risk,259,2,1,1,0.5570346341258753,348826.23,High
WorkLifeBalance,-0.515,Reduces Risk,259,3,1,1,0.5570346341258753,348826.23,High
Overtime,-0.409,Reduces Risk,259,4,1,1,0.5570346341258753,348826.23,High
Medical,-0.343,Reduces Risk,259,5,1,1,0.5570346341258753,348826.23,High
YearsInCurrentRole,0.73,Increases Risk,428,1,0,0,0.0025777293600055904,2352.44,Low
EnvironmentSatisfaction,0.55,Increases Risk,428,2,0,0,0.0025777293600055904,2352.44,Low
Manufacturing Director,0.541,Increases Risk,428,3,0,0,0.0025777293600055904,2352.44,Low
NumCompaniesWorked,0.495,Increases Risk,428,4,0,0,0.0025777293600055904,2352.44,Low
Travels Rarely,0.35,Increases Risk,428,5,0,0,0.0025777293600055904,2352.44,Low
TotalWorkingYears,-0.568,Reduces Risk,428,1,0,0,0.0025777293600055904,2352.44,Low
JobSatisfaction,-0.51,Reduces Risk,428,2,0,0,0.0025777293600055904,2352.44,Low
Travels Frequently,-0.49,Reduces Risk,428,3,0,0,0.0025777293600055904,2352.44,Low
Single,-0.475,Reduces Risk,428,4,0,0,0.0025777293600055904,2352.44,Low
StockOptionLevel,-0.459,Reduces Risk,428,5,0,0,0.0025777293600055904,2352.44,Low
Sales Executive,0.696,Increases Risk,1026,1,0,0,0.04396507304364281,72837.82,Medium
Sales Department,0.404,Increases Risk,1026,2,0,0,0.04396507304364281,72837.82,Medium
Travels Rarely,0.35,Increases Risk,1026,3,0,0,0.04396507304364281,72837.82,Medium
NumCompaniesWorked,0.291,Increases Risk,1026,4,0,0,0.04396507304364281,72837.82,Medium
Married,0.239,Increases Risk,1026,5,0,0,0.04396507304364281,72837.82,Medium
EnvironmentSatisfaction,-0.588,Reduces Risk,1026,1,0,0,0.04396507304364281,72837.82,Medium
JobSatisfaction,-0.51,Reduces Risk,1026,2,0,0,0.04396507304364281,72837.82,Medium
Travels Frequently,-0.49,Reduces Risk,1026,3,0,0,0.04396507304364281,72837.82,Medium
Single,-0.475,Reduces Risk,1026,4,0,0,0.04396507304364281,72837.82,Medium
Overtime,-0.409,Reduces Risk,1026,5,0,0,0.04396507304364281,72837.82,Medium
Overtime,1.744,Increases Risk,277,1,0,0,0.38646370639951294,389903.23,High
YearsSinceLastPromotion,0.812,Increases Risk,277,2,0,0,0.38646370639951294,389903.23,High
YearsInCurrentRole,0.73,Increases Risk,277,3,0,0,0.38646370639951294,389903.23,High
Sales Executive,0.696,Increases Risk,277,4,0,0,0.38646370639951294,389903.23,High
JobSatisfaction,0.676,Increases Risk,277,5,0,0,0.38646370639951294,389903.23,High
JobInvolvement,-0.61,Reduces Risk,277,1,0,0,0.38646370639951294,389903.23,High
Travels Frequently,-0.49,Reduces Risk,277,2,0,0,0.38646370639951294,389903.23,High
Single,-0.475,Reduces Risk,277,3,0,0,0.38646370639951294,389903.23,High
YearsWithCurrManager,-0.416,Reduces Risk,277,4,0,0,0.38646370639951294,389903.23,High
Medical,-0.343,Reduces Risk,277,5,0,0,0.38646370639951294,389903.23,High
Sales Executive,0.696,Increases Risk,1105,1,0,0,0.12115688395852482,139398.26,High
JobSatisfaction,0.676,Increases Risk,1105,2,0,0,0.12115688395852482,139398.26,High
WorkLifeBalance,0.589,Increases Risk,1105,3,0,0,0.12115688395852482,139398.26,High
EnvironmentSatisfaction,0.55,Increases Risk,1105,4,0,0,0.12115688395852482,139398.26,High
Sales Department,0.404,Increases Risk,1105,5,0,0,0.12115688395852482,139398.26,High
TrainingTimesLastYear,-0.523,Reduces Risk,1105,1,0,0,0.12115688395852482,139398.26,High
YearsAtCompany,-0.5,Reduces Risk,1105,2,0,0,0.12115688395852482,139398.26,High
Travels Frequently,-0.49,Reduces Risk,1105,3,0,0,0.12115688395852482,139398.26,High
Single,-0.475,Reduces Risk,1105,4,0,0,0.12115688395852482,139398.26,High
Overtime,-0.409,Reduces Risk,1105,5,0,0,0.12115688395852482,139398.26,High
YearsAtCompany,3.234,Increases Risk,1116,1,0,0,0.022790082188914738,80345.98,Medium
DistanceFromHome,0.701,Increases Risk,1116,2,0,0,0.022790082188914738,80345.98,Medium
EstimatedMonthlySalary,0.569,Increases Risk,1116,3,0,0,0.022790082188914738,80345.98,Medium
Sales Department,0.404,Increases Risk,1116,4,0,0,0.022790082188914738,80345.98,Medium
Travels Rarely,0.35,Increases Risk,1116,5,0,0,0.022790082188914738,80345.98,Medium
TotalWorkingYears,-1.516,Reduces Risk,1116,1,0,0,0.022790082188914738,80345.98,Medium
YearsWithCurrManager,-1.204,Reduces Risk,1116,2,0,0,0.022790082188914738,80345.98,Medium
Age,-0.512,Reduces Risk,1116,3,0,0,0.022790082188914738,80345.98,Medium
JobSatisfaction,-0.51,Reduces Risk,1116,4,0,0,0.022790082188914738,80345.98,Medium
Travels Frequently,-0.49,Reduces Risk,1116,5,0,0,0.022790082188914738,80345.98,Medium
Single,0.883,Increases Risk,670,1,0,0,0.07353776486437802,30682.9,Medium
Research Scientist,0.75,Increases Risk,670,2,0,0,0.07353776486437802,30682.9,Medium
TotalWorkingYears,0.557,Increases Risk,670,3,0,0,0.07353776486437802,30682.9,Medium
YearsInCurrentRole,0.552,Increases Risk,670,4,0,0,0.07353776486437802,30682.9,Medium
YearsWithCurrManager,0.503,Increases Risk,670,5,0,0,0.07353776486437802,30682.9,Medium
YearsAtCompany,-0.609,Reduces Risk,670,1,0,0,0.07353776486437802,30682.9,Medium
Travels Frequently,-0.49,Reduces Risk,670,2,0,0,0.07353776486437802,30682.9,Medium
Overtime,-0.409,Reduces Risk,670,3,0,0,0.07353776486437802,30682.9,Medium
Life Sciences,-0.373,Reduces Risk,670,4,0,0,0.07353776486437802,30682.9,Medium
NumCompaniesWorked,-0.32,Reduces Risk,670,5,0,0,0.07353776486437802,30682.9,Medium
Sales Executive,0.696,Increases Risk,619,1,0,0,0.0072740069508495835,5285.73,Low
JobSatisfaction,0.676,Increases Risk,619,2,0,0,0.0072740069508495835,5285.73,Low
EnvironmentSatisfaction,0.55,Increases Risk,619,3,0,0,0.0072740069508495835,5285.73,Low
Sales Department,0.404,Increases Risk,619,4,0,0,0.0072740069508495835,5285.73,Low
Travels Rarely,0.35,Increases Risk,619,5,0,0,0.0072740069508495835,5285.73,Low
YearsInCurrentRole,-0.691,Reduces Risk,619,1,0,0,0.0072740069508495835,5285.73,Low
JobInvolvement,-0.61,Reduces Risk,619,2,0,0,0.0072740069508495835,5285.73,Low
YearsWithCurrManager,-0.547,Reduces Risk,619,3,0,0,0.0072740069508495835,5285.73,Low
Travels Frequently,-0.49,Reduces Risk,619,4,0,0,0.0072740069508495835,5285.73,Low
Single,-0.475,Reduces Risk,619,5,0,0,0.0072740069508495835,5285.73,Low
Single,0.883,Increases Risk,1046,1,0,0,0.0833719813297523,51323.79,Medium
Research Scientist,0.75,Increases Risk,1046,2,0,0,0.0833719813297523,51323.79,Medium
DistanceFromHome,0.452,Increases Risk,1046,3,0,0,0.0833719813297523,51323.79,Medium
YearsInCurrentRole,0.375,Increases Risk,1046,4,0,0,0.0833719813297523,51323.79,Medium
Travels Rarely,0.35,Increases Risk,1046,5,0,0,0.0833719813297523,51323.79,Medium
EnvironmentSatisfaction,-0.588,Reduces Risk,1046,1,0,0,0.0833719813297523,51323.79,Medium
Travels Frequently,-0.49,Reduces Risk,1046,2,0,0,0.0833719813297523,51323.79,Medium
Overtime,-0.409,Reduces Risk,1046,3,0,0,0.0833719813297523,51323.79,Medium
Life Sciences,-0.373,Reduces Risk,1046,4,0,0,0.0833719813297523,51323.79,Medium
NumCompaniesWorked,-0.32,Reduces Risk,1046,5,0,0,0.0833719813297523,51323.79,Medium
NumCompaniesWorked,0.699,Increases Risk,247,1,0,0,0.02992812439851511,32090.73,Medium
JobSatisfaction,0.676,Increases Risk,247,2,0,0,0.02992812439851511,32090.73,Medium
Manufacturing Director,0.541,Increases Risk,247,3,0,0,0.02992812439851511,32090.73,Medium
YearsSinceLastPromotion,0.49,Increases Risk,247,4,0,0,0.02992812439851511,32090.73,Medium
YearsAtCompany,0.489,Increases Risk,247,5,0,0,0.02992812439851511,32090.73,Medium
YearsInCurrentRole,-0.868,Reduces Risk,247,1,0,0,0.02992812439851511,32090.73,Medium
YearsWithCurrManager,-0.679,Reduces Risk,247,2,0,0,0.02992812439851511,32090.73,Medium
EnvironmentSatisfaction,-0.588,Reduces Risk,247,3,0,0,0.02992812439851511,32090.73,Medium
Travels Frequently,-0.49,Reduces Risk,247,4,0,0,0.02992812439851511,32090.73,Medium
Single,-0.475,Reduces Risk,247,5,0,0,0.02992812439851511,32090.73,Medium
YearsInCurrentRole,0.73,Increases Risk,1259,1,0,0,0.007742898526055134,7378.36,Low
Travels Rarely,0.35,Increases Risk,1259,2,0,0,0.007742898526055134,7378.36,Low
DistanceFromHome,0.285,Increases Risk,1259,3,0,0,0.007742898526055134,7378.36,Low
Married,0.239,Increases Risk,1259,4,0,0,0.007742898526055134,7378.36,Low
Medical,0.21,Increases Risk,1259,5,0,0,0.007742898526055134,7378.36,Low
JobInvolvement,-0.61,Reduces Risk,1259,1,0,0,0.007742898526055134,7378.36,Low
Travels Frequently,-0.49,Reduces Risk,1259,2,0,0,0.007742898526055134,7378.36,Low
Single,-0.475,Reduces Risk,1259,3,0,0,0.007742898526055134,7378.36,Low
YearsWithCurrManager,-0.416,Reduces Risk,1259,4,0,0,0.007742898526055134,7378.36,Low
Overtime,-0.409,Reduces Risk,1259,5,0,0,0.007742898526055134,7378.36,Low
Manufacturing Director,0.541,Increases Risk,733,1,0,0,0.0020159349331841264,1985.62,Low
Travels Rarely,0.35,Increases Risk,733,2,0,0,0.0020159349331841264,1985.62,Low
Age,0.258,Increases Risk,733,3,0,0,0.0020159349331841264,1985.62,Low
Married,0.239,Increases Risk,733,4,0,0,0.0020159349331841264,1985.62,Low
Life Sciences,0.219,Increases Risk,733,5,0,0,0.0020159349331841264,1985.62,Low
JobInvolvement,-0.61,Reduces Risk,733,1,0,0,0.0020159349331841264,1985.62,Low
EnvironmentSatisfaction,-0.588,Reduces Risk,733,2,0,0,0.0020159349331841264,1985.62,Low
YearsInCurrentRole,-0.513,Reduces Risk,733,3,0,0,0.0020159349331841264,1985.62,Low
JobSatisfaction,-0.51,Reduces Risk,733,4,0,0,0.0020159349331841264,1985.62,Low
Travels Frequently,-0.49,Reduces Risk,733,5,0,0,0.0020159349331841264,1985.62,Low
Travels Frequently,1.326,Increases Risk,582,1,0,0,0.001645346527112314,1256.91,Low
JobSatisfaction,0.281,Increases Risk,582,2,0,0,0.001645346527112314,1256.91,Low
Married,0.239,Increases Risk,582,3,0,0,0.001645346527112314,1256.91,Low
Life Sciences,0.219,Increases Risk,582,4,0,0,0.001645346527112314,1256.91,Low
YearsSinceLastPromotion,0.169,Increases Risk,582,5,0,0,0.001645346527112314,1256.91,Low
Travels Rarely,-0.622,Reduces Risk,582,1,0,0,0.001645346527112314,1256.91,Low
JobInvolvement,-0.61,Reduces Risk,582,2,0,0,0.001645346527112314,1256.91,Low
YearsInCurrentRole,-0.513,Reduces Risk,582,3,0,0,0.001645346527112314,1256.91,Low
Single,-0.475,Reduces Risk,582,4,0,0,0.001645346527112314,1256.91,Low
YearsWithCurrManager,-0.416,Reduces Risk,582,5,0,0,0.001645346527112314,1256.91,Low
Single,0.883,Increases Risk,464,1,0,0,0.025274609337986108,34079.78,Medium
Manufacturing Director,0.541,Increases Risk,464,2,0,0,0.025274609337986108,34079.78,Medium
Technical Degree,0.428,Increases Risk,464,3,0,0,0.025274609337986108,34079.78,Medium
Travels Rarely,0.35,Increases Risk,464,4,0,0,0.025274609337986108,34079.78,Medium
NumCompaniesWorked,0.291,Increases Risk,464,5,0,0,0.025274609337986108,34079.78,Medium
WorkLifeBalance,-0.515,Reduces Risk,464,1,0,0,0.025274609337986108,34079.78,Medium
JobSatisfaction,-0.51,Reduces Risk,464,2,0,0,0.025274609337986108,34079.78,Medium
Travels Frequently,-0.49,Reduces Risk,464,3,0,0,0.025274609337986108,34079.78,Medium
Overtime,-0.409,Reduces Risk,464,4,0,0,0.025274609337986108,34079.78,Medium
DistanceFromHome,-0.339,Reduces Risk,464,5,0,0,0.025274609337986108,34079.78,Medium
Overtime,1.744,Increases Risk,1236,1,1,1,0.5281994546563575,583195.58,High
Sales Executive,0.696,Increases Risk,1236,2,1,1,0.5281994546563575,583195.58,High
JobSatisfaction,0.676,Increases Risk,1236,3,1,1,0.5281994546563575,583195.58,High
NumCompaniesWorked,0.495,Increases Risk,1236,4,1,1,0.5281994546563575,583195.58,High
Sales Department,0.404,Increases Risk,1236,5,1,1,0.5281994546563575,583195.58,High
YearsAtCompany,-0.5,Reduces Risk,1236,1,1,1,0.5281994546563575,583195.58,High
Travels Frequently,-0.49,Reduces Risk,1236,2,1,1,0.5281994546563575,583195.58,High
Single,-0.475,Reduces Risk,1236,3,1,1,0.5281994546563575,583195.58,High
StockOptionLevel,-0.459,Reduces Risk,1236,4,1,1,0.5281994546563575,583195.58,High
TotalWorkingYears,-0.332,Reduces Risk,1236,5,1,1,0.5281994546563575,583195.58,High
NumCompaniesWorked,0.699,Increases Risk,704,1,0,0,0.0037563407424644002,5289.45,Low
Sales Executive,0.696,Increases Risk,704,2,0,0,0.0037563407424644002,5289.45,Low
Sales Department,0.404,Increases Risk,704,3,0,0,0.0037563407424644002,5289.45,Low
YearsAtCompany,0.379,Increases Risk,704,4,0,0,0.0037563407424644002,5289.45,Low
Travels Rarely,0.35,Increases Risk,704,5,0,0,0.0037563407424644002,5289.45,Low
YearsInCurrentRole,-0.868,Reduces Risk,704,1,0,0,0.0037563407424644002,5289.45,Low
EnvironmentSatisfaction,-0.588,Reduces Risk,704,2,0,0,0.0037563407424644002,5289.45,Low
YearsWithCurrManager,-0.547,Reduces Risk,704,3,0,0,0.0037563407424644002,5289.45,Low
JobSatisfaction,-0.51,Reduces Risk,704,4,0,0,0.0037563407424644002,5289.45,Low
Travels Frequently,-0.49,Reduces Risk,704,5,0,0,0.0037563407424644002,5289.45,Low
JobInvolvement,0.343,Increases Risk,1040,1,0,0,0.0002440469656360001,604.32,Low
EstimatedMonthlySalary,0.33,Increases Risk,1040,2,0,0,0.0002440469656360001,604.32,Low
YearsSinceLastPromotion,0.329,Increases Risk,1040,3,0,0,0.0002440469656360001,604.32,Low
JobSatisfaction,0.281,Increases Risk,1040,4,0,0,0.0002440469656360001,604.32,Low
YearsAtCompany,0.269,Increases Risk,1040,5,0,0,0.0002440469656360001,604.32,Low
JobRole_Research Director,-1.125,Reduces Risk,1040,1,0,0,0.0002440469656360001,604.32,Low
YearsInCurrentRole,-0.691,Reduces Risk,1040,2,0,0,0.0002440469656360001,604.32,Low
Travels Rarely,-0.622,Reduces Risk,1040,3,0,0,0.0002440469656360001,604.32,Low
EnvironmentSatisfaction,-0.588,Reduces Risk,1040,4,0,0,0.0002440469656360001,604.32,Low
YearsWithCurrManager,-0.547,Reduces Risk,1040,5,0,0,0.0002440469656360001,604.32,Low
Research Scientist,0.75,Increases Risk,864,1,1,0,0.20590230055583655,78090.51,Medium
YearsInCurrentRole,0.73,Increases Risk,864,2,1,0,0.20590230055583655,78090.51,Medium
NumCompaniesWorked,0.699,Increases Risk,864,3,1,0,0.20590230055583655,78090.51,Medium
JobSatisfaction,0.676,Increases Risk,864,4,1,0,0.20590230055583655,78090.51,Medium
WorkLifeBalance,0.589,Increases Risk,864,5,1,0,0.20590230055583655,78090.51,Medium
Travels Rarely,-0.622,Reduces Risk,864,1,1,0,0.20590230055583655,78090.51,Medium
YearsAtCompany,-0.609,Reduces Risk,864,2,1,0,0.20590230055583655,78090.51,Medium
Travels Frequently,-0.49,Reduces Risk,864,3,1,0,0.20590230055583655,78090.51,Medium
Single,-0.475,Reduces Risk,864,4,1,0,0.20590230055583655,78090.51,Medium
Overtime,-0.409,Reduces Risk,864,5,1,0,0.20590230055583655,78090.51,Medium
Laboratory Technician,1.794,Increases Risk,51,1,1,1,0.8589846322946341,532037.9,High
Overtime,1.744,Increases Risk,51,2,1,1,0.8589846322946341,532037.9,High
Single,0.883,Increases Risk,51,3,1,1,0.8589846322946341,532037.9,High
TotalWorkingYears,0.497,Increases Risk,51,4,1,1,0.8589846322946341,532037.9,High
Technical Degree,0.428,Increases Risk,51,5,1,1,0.8589846322946341,532037.9,High
YearsAtCompany,-0.5,Reduces Risk,51,1,1,1,0.8589846322946341,532037.9,High
Travels Frequently,-0.49,Reduces Risk,51,2,1,1,0.8589846322946341,532037.9,High
NumCompaniesWorked,-0.32,Reduces Risk,51,3,1,1,0.8589846322946341,532037.9,High
Sales Executive,-0.244,Reduces Risk,51,4,1,1,0.8589846322946341,532037.9,High
Research Scientist,-0.237,Reduces Risk,51,5,1,1,0.8589846322946341,532037.9,High
Research Scientist,0.75,Increases Risk,1307,1,0,0,0.01706339483662669,11029.44,Low
JobSatisfaction,0.676,Increases Risk,1307,2,0,0,0.01706339483662669,11029.44,Low
TotalWorkingYears,0.438,Increases Risk,1307,3,0,0,0.01706339483662669,11029.44,Low
YearsInCurrentRole,0.375,Increases Risk,1307,4,0,0,0.01706339483662669,11029.44,Low
Travels Rarely,0.35,Increases Risk,1307,5,0,0,0.01706339483662669,11029.44,Low
Travels Frequently,-0.49,Reduces Risk,1307,1,0,0,0.01706339483662669,11029.44,Low
Single,-0.475,Reduces Risk,1307,2,0,0,0.01706339483662669,11029.44,Low
Overtime,-0.409,Reduces Risk,1307,3,0,0,0.01706339483662669,11029.44,Low
YearsAtCompany,-0.39,Reduces Risk,1307,4,0,0,0.01706339483662669,11029.44,Low
Medical,-0.343,Reduces Risk,1307,5,0,0,0.01706339483662669,11029.44,Low
Single,0.883,Increases Risk,168,1,0,0,0.049894320607435316,78008.77,Medium
Sales Executive,0.696,Increases Risk,168,2,0,0,0.049894320607435316,78008.77,Medium
EnvironmentSatisfaction,0.55,Increases Risk,168,3,0,0,0.049894320607435316,78008.77,Medium
Sales Department,0.404,Increases Risk,168,4,0,0,0.049894320607435316,78008.77,Medium
Travels Rarely,0.35,Increases Risk,168,5,0,0,0.049894320607435316,78008.77,Medium
WorkLifeBalance,-0.515,Reduces Risk,168,1,0,0,0.049894320607435316,78008.77,Medium
JobSatisfaction,-0.51,Reduces Risk,168,2,0,0,0.049894320607435316,78008.77,Medium
Travels Frequently,-0.49,Reduces Risk,168,3,0,0,0.049894320607435316,78008.77,Medium
YearsWithCurrManager,-0.416,Reduces Risk,168,4,0,0,0.049894320607435316,78008.77,Medium
Overtime,-0.409,Reduces Risk,168,5,0,0,0.049894320607435316,78008.77,Medium
YearsSinceLastPromotion,0.812,Increases Risk,1094,1,0,0,0.10746668959951085,105869.73,Medium
Sales Executive,0.696,Increases Risk,1094,2,0,0,0.10746668959951085,105869.73,Medium
JobSatisfaction,0.676,Increases Risk,1094,3,0,0,0.10746668959951085,105869.73,Medium
EnvironmentSatisfaction,0.55,Increases Risk,1094,4,0,0,0.10746668959951085,105869.73,Medium
Sales Department,0.404,Increases Risk,1094,5,0,0,0.10746668959951085,105869.73,Medium
NumCompaniesWorked,-0.524,Reduces Risk,1094,1,0,0,0.10746668959951085,105869.73,Medium
WorkLifeBalance,-0.515,Reduces Risk,1094,2,0,0,0.10746668959951085,105869.73,Medium
Travels Frequently,-0.49,Reduces Risk,1094,3,0,0,0.10746668959951085,105869.73,Medium
Single,-0.475,Reduces Risk,1094,4,0,0,0.10746668959951085,105869.73,Medium
Overtime,-0.409,Reduces Risk,1094,5,0,0,0.10746668959951085,105869.73,Medium
Research Scientist,0.75,Increases Risk,1113,1,0,0,0.04221483663921331,31055.77,Medium
JobSatisfaction,0.676,Increases Risk,1113,2,0,0,0.04221483663921331,31055.77,Medium
Technical Degree,0.428,Increases Risk,1113,3,0,0,0.04221483663921331,31055.77,Medium
NumCompaniesWorked,0.291,Increases Risk,1113,4,0,0,0.04221483663921331,31055.77,Medium
YearsWithCurrManager,0.24,Increases Risk,1113,5,0,0,0.04221483663921331,31055.77,Medium
Travels Rarely,-0.622,Reduces Risk,1113,1,0,0,0.04221483663921331,31055.77,Medium
EnvironmentSatisfaction,-0.588,Reduces Risk,1113,2,0,0,0.04221483663921331,31055.77,Medium
Travels Frequently,-0.49,Reduces Risk,1113,3,0,0,0.04221483663921331,31055.77,Medium
Single,-0.475,Reduces Risk,1113,4,0,0,0.04221483663921331,31055.77,Medium
Overtime,-0.409,Reduces Risk,1113,5,0,0,0.04221483663921331,31055.77,Medium
Travels Frequently,1.326,Increases Risk,765,1,0,0,0.04644768552222897,23585.21,Low
Research Scientist,0.75,Increases Risk,765,2,0,0,0.04644768552222897,23585.21,Low
YearsInCurrentRole,0.375,Increases Risk,765,3,0,0,0.04644768552222897,23585.21,Low
RelationshipSatisfaction,0.267,Increases Risk,765,4,0,0,0.04644768552222897,23585.21,Low
YearsWithCurrManager,0.24,Increases Risk,765,5,0,0,0.04644768552222897,23585.21,Low
Travels Rarely,-0.622,Reduces Risk,765,1,0,0,0.04644768552222897,23585.21,Low
Other Education,-0.519,Reduces Risk,765,2,0,0,0.04644768552222897,23585.21,Low
YearsAtCompany,-0.5,Reduces Risk,765,3,0,0,0.04644768552222897,23585.21,Low
Single,-0.475,Reduces Risk,765,4,0,0,0.04644768552222897,23585.21,Low
Overtime,-0.409,Reduces Risk,765,5,0,0,0.04644768552222897,23585.21,Low
JobRole_Sales Representative,1.949,Increases Risk,363,1,1,1,0.7227005802477233,370875.48,High
Overtime,1.744,Increases Risk,363,2,1,1,0.7227005802477233,370875.48,High
Single,0.883,Increases Risk,363,3,1,1,0.7227005802477233,370875.48,High
YearsInCurrentRole,0.73,Increases Risk,363,4,1,1,0.7227005802477233,370875.48,High
TotalWorkingYears,0.557,Increases Risk,363,5,1,1,0.7227005802477233,370875.48,High
YearsAtCompany,-0.609,Reduces Risk,363,1,1,1,0.7227005802477233,370875.48,High
EnvironmentSatisfaction,-0.588,Reduces Risk,363,2,1,1,0.7227005802477233,370875.48,High
Travels Frequently,-0.49,Reduces Risk,363,3,1,1,0.7227005802477233,370875.48,High
NumCompaniesWorked,-0.32,Reduces Risk,363,4,1,1,0.7227005802477233,370875.48,High
YearsSinceLastPromotion,-0.313,Reduces Risk,363,5,1,1,0.7227005802477233,370875.48,High
YearsSinceLastPromotion,0.812,Increases Risk,261,1,0,0,0.006461316784534888,6104.78,Low
Sales Executive,0.696,Increases Risk,261,2,0,0,0.006461316784534888,6104.78,Low
TrainingTimesLastYear,0.434,Increases Risk,261,3,0,0,0.006461316784534888,6104.78,Low
Sales Department,0.404,Increases Risk,261,4,0,0,0.006461316784534888,6104.78,Low
JobInvolvement,0.343,Increases Risk,261,5,0,0,0.006461316784534888,6104.78,Low
Travels Rarely,-0.622,Reduces Risk,261,1,0,0,0.006461316784534888,6104.78,Low
EnvironmentSatisfaction,-0.588,Reduces Risk,261,2,0,0,0.006461316784534888,6104.78,Low
YearsInCurrentRole,-0.513,Reduces Risk,261,3,0,0,0.006461316784534888,6104.78,Low
JobSatisfaction,-0.51,Reduces Risk,261,4,0,0,0.006461316784534888,6104.78,Low
Travels Frequently,-0.49,Reduces Risk,261,5,0,0,0.006461316784534888,6104.78,Low
Overtime,1.744,Increases Risk,946,1,1,1,0.8227503486989673,1346776.5,High
Single,0.883,Increases Risk,946,2,1,1,0.8227503486989673,1346776.5,High
Sales Executive,0.696,Increases Risk,946,3,1,1,0.8227503486989673,1346776.5,High
DistanceFromHome,0.66,Increases Risk,946,4,1,1,0.8227503486989673,1346776.5,High
YearsWithCurrManager,0.503,Increases Risk,946,5,1,1,0.8227503486989673,1346776.5,High
EnvironmentSatisfaction,-0.588,Reduces Risk,946,1,1,1,0.8227503486989673,1346776.5,High
Travels Frequently,-0.49,Reduces Risk,946,2,1,1,0.8227503486989673,1346776.5,High
Marketing,-0.272,Reduces Risk,946,3,1,1,0.8227503486989673,1346776.5,High
Laboratory Technician,-0.268,Reduces Risk,946,4,1,1,0.8227503486989673,1346776.5,High
Research Scientist,-0.237,Reduces Risk,946,5,1,1,0.8227503486989673,1346776.5,High
Single,0.883,Increases Risk,591,1,1,1,0.5442695918641941,521584.44,High
Sales Executive,0.696,Increases Risk,591,2,1,1,0.5442695918641941,521584.44,High
JobSatisfaction,0.676,Increases Risk,591,3,1,1,0.5442695918641941,521584.44,High
EnvironmentSatisfaction,0.55,Increases Risk,591,4,1,1,0.5442695918641941,521584.44,High
NumCompaniesWorked,0.495,Increases Risk,591,5,1,1,0.5442695918641941,521584.44,High
Travels Frequently,-0.49,Reduces Risk,591,1,1,1,0.5442695918641941,521584.44,High
Overtime,-0.409,Reduces Risk,591,2,1,1,0.5442695918641941,521584.44,High
YearsAtCompany,-0.39,Reduces Risk,591,3,1,1,0.5442695918641941,521584.44,High
YearsSinceLastPromotion,-0.313,Reduces Risk,591,4,1,1,0.5442695918641941,521584.44,High
Male,-0.296,Reduces Risk,591,5,1,1,0.5442695918641941,521584.44,High
Overtime,1.744,Increases Risk,528,1,1,1,0.5248289569656975,642012.77,High
Travels Frequently,1.326,Increases Risk,528,2,1,1,0.5248289569656975,642012.77,High
Sales Executive,0.696,Increases Risk,528,3,1,1,0.5248289569656975,642012.77,High
Technical Degree,0.428,Increases Risk,528,4,1,1,0.5248289569656975,642012.77,High
Sales Department,0.404,Increases Risk,528,5,1,1,0.5248289569656975,642012.77,High
Travels Rarely,-0.622,Reduces Risk,528,1,1,1,0.5248289569656975,642012.77,High
Single,-0.475,Reduces Risk,528,2,1,1,0.5248289569656975,642012.77,High
TotalWorkingYears,-0.45,Reduces Risk,528,3,1,1,0.5248289569656975,642012.77,High
Age,-0.38,Reduces Risk,528,4,1,1,0.5248289569656975,642012.77,High
YearsAtCompany,-0.28,Reduces Risk,528,5,1,1,0.5248289569656975,642012.77,High
Overtime,1.744,Increases Risk,892,1,1,0,0.4847202810210066,162197.1,High
Single,0.883,Increases Risk,892,2,1,0,0.4847202810210066,162197.1,High
Research Scientist,0.75,Increases Risk,892,3,1,0,0.4847202810210066,162197.1,High
TotalWorkingYears,0.557,Increases Risk,892,4,1,0,0.4847202810210066,162197.1,High
YearsInCurrentRole,0.552,Increases Risk,892,5,1,0,0.4847202810210066,162197.1,High
Travels Rarely,-0.622,Reduces Risk,892,1,1,0,0.4847202810210066,162197.1,High
YearsAtCompany,-0.609,Reduces Risk,892,2,1,0,0.4847202810210066,162197.1,High
WorkLifeBalance,-0.515,Reduces Risk,892,3,1,0,0.4847202810210066,162197.1,High
Travels Frequently,-0.49,Reduces Risk,892,4,1,0,0.4847202810210066,162197.1,High
Medical,-0.343,Reduces Risk,892,5,1,0,0.4847202810210066,162197.1,High
NumCompaniesWorked,0.699,Increases Risk,429,1,0,0,0.005770930063946827,18553.42,Low
WorkLifeBalance,0.589,Increases Risk,429,2,0,0,0.005770930063946827,18553.42,Low
EnvironmentSatisfaction,0.55,Increases Risk,429,3,0,0,0.005770930063946827,18553.42,Low
EstimatedMonthlySalary,0.498,Increases Risk,429,4,0,0,0.005770930063946827,18553.42,Low
YearsInCurrentRole,0.375,Increases Risk,429,5,0,0,0.005770930063946827,18553.42,Low
JobRole_Research Director,-1.125,Reduces Risk,429,1,0,0,0.005770930063946827,18553.42,Low
TotalWorkingYears,-0.924,Reduces Risk,429,2,0,0,0.005770930063946827,18553.42,Low
Travels Frequently,-0.49,Reduces Risk,429,3,0,0,0.005770930063946827,18553.42,Low
Single,-0.475,Reduces Risk,429,4,0,0,0.005770930063946827,18553.42,Low
Overtime,-0.409,Reduces Risk,429,5,0,0,0.005770930063946827,18553.42,Low
Overtime,1.744,Increases Risk,309,1,0,0,0.1606400062502708,139400.18,High
Research Scientist,0.75,Increases Risk,309,2,0,0,0.1606400062502708,139400.18,High
Technical Degree,0.428,Increases Risk,309,3,0,0,0.1606400062502708,139400.18,High
YearsInCurrentRole,0.375,Increases Risk,309,4,0,0,0.1606400062502708,139400.18,High
Travels Rarely,0.35,Increases Risk,309,5,0,0,0.1606400062502708,139400.18,High
NumCompaniesWorked,-0.524,Reduces Risk,309,1,0,0,0.1606400062502708,139400.18,High
JobSatisfaction,-0.51,Reduces Risk,309,2,0,0,0.1606400062502708,139400.18,High
Travels Frequently,-0.49,Reduces Risk,309,3,0,0,0.1606400062502708,139400.18,High
Single,-0.475,Reduces Risk,309,4,0,0,0.1606400062502708,139400.18,High
YearsSinceLastPromotion,-0.313,Reduces Risk,309,5,0,0,0.1606400062502708,139400.18,High
YearsSinceLastPromotion,2.097,Increases Risk,123,1,0,0,0.004957417864225861,17433.55,Low
YearsAtCompany,1.477,Increases Risk,123,2,0,0,0.004957417864225861,17433.55,Low
NumCompaniesWorked,0.903,Increases Risk,123,3,0,0,0.004957417864225861,17433.55,Low
Single,0.883,Increases Risk,123,4,0,0,0.004957417864225861,17433.55,Low
EstimatedMonthlySalary,0.567,Increases Risk,123,5,0,0,0.004957417864225861,17433.55,Low
YearsInCurrentRole,-2.466,Reduces Risk,123,1,0,0,0.004957417864225861,17433.55,Low
YearsWithCurrManager,-1.466,Reduces Risk,123,2,0,0,0.004957417864225861,17433.55,Low
JobRole_Research Director,-1.125,Reduces Risk,123,3,0,0,0.004957417864225861,17433.55,Low
TotalWorkingYears,-0.746,Reduces Risk,123,4,0,0,0.004957417864225861,17433.55,Low
Travels Frequently,-0.49,Reduces Risk,123,5,0,0,0.004957417864225861,17433.55,Low
YearsSinceLastPromotion,1.133,Increases Risk,964,1,0,0,0.07784829441106564,85827.74,Medium
Single,0.883,Increases Risk,964,2,0,0,0.07784829441106564,85827.74,Medium
Sales Executive,0.696,Increases Risk,964,3,0,0,0.07784829441106564,85827.74,Medium
JobSatisfaction,0.676,Increases Risk,964,4,0,0,0.07784829441106564,85827.74,Medium
Sales Department,0.404,Increases Risk,964,5,0,0,0.07784829441106564,85827.74,Medium
YearsInCurrentRole,-0.691,Reduces Risk,964,1,0,0,0.07784829441106564,85827.74,Medium
TrainingTimesLastYear,-0.523,Reduces Risk,964,2,0,0,0.07784829441106564,85827.74,Medium
WorkLifeBalance,-0.515,Reduces Risk,964,3,0,0,0.07784829441106564,85827.74,Medium
Travels Frequently,-0.49,Reduces Risk,964,4,0,0,0.07784829441106564,85827.74,Medium
Overtime,-0.409,Reduces Risk,964,5,0,0,0.07784829441106564,85827.74,Medium
Laboratory Technician,1.794,Increases Risk,1219,1,0,0,0.1200912253395179,64287.23,Medium
NumCompaniesWorked,1.31,Increases Risk,1219,2,0,0,0.1200912253395179,64287.23,Medium
Travels Rarely,0.35,Increases Risk,1219,3,0,0,0.1200912253395179,64287.23,Medium
YearsWithCurrManager,0.24,Increases Risk,1219,4,0,0,0.1200912253395179,64287.23,Medium
Married,0.239,Increases Risk,1219,5,0,0,0.1200912253395179,64287.23,Medium
EnvironmentSatisfaction,-0.588,Reduces Risk,1219,1,0,0,0.1200912253395179,64287.23,Medium
Travels Frequently,-0.49,Reduces Risk,1219,2,0,0,0.1200912253395179,64287.23,Medium
Single,-0.475,Reduces Risk,1219,3,0,0,0.1200912253395179,64287.23,Medium
Overtime,-0.409,Reduces Risk,1219,4,0,0,0.1200912253395179,64287.23,Medium
Medical,-0.343,Reduces Risk,1219,5,0,0,0.1200912253395179,64287.23,Medium
Overtime,1.744,Increases Risk,881,1,0,0,0.09527796274897307,85715.87,Medium
Travels Frequently,1.326,Increases Risk,881,2,0,0,0.09527796274897307,85715.87,Medium
Single,0.883,Increases Risk,881,3,0,0,0.09527796274897307,85715.87,Medium
Research Scientist,0.75,Increases Risk,881,4,0,0,0.09527796274897307,85715.87,Medium
NumCompaniesWorked,0.291,Increases Risk,881,5,0,0,0.09527796274897307,85715.87,Medium
Travels Rarely,-0.622,Reduces Risk,881,1,0,0,0.09527796274897307,85715.87,Medium
EnvironmentSatisfaction,-0.588,Reduces Risk,881,2,0,0,0.09527796274897307,85715.87,Medium
YearsInCurrentRole,-0.513,Reduces Risk,881,3,0,0,0.09527796274897307,85715.87,Medium
YearsWithCurrManager,-0.416,Reduces Risk,881,4,0,0,0.09527796274897307,85715.87,Medium
Life Sciences,-0.373,Reduces Risk,881,5,0,0,0.09527796274897307,85715.87,Medium
Laboratory Technician,1.794,Increases Risk,203,1,0,0,0.4178500144552569,206158.84,High
Overtime,1.744,Increases Risk,203,2,0,0,0.4178500144552569,206158.84,High
NumCompaniesWorked,1.106,Increases Risk,203,3,0,0,0.4178500144552569,206158.84,High
DistanceFromHome,0.41,Increases Risk,203,4,0,0,0.4178500144552569,206158.84,High
YearsInCurrentRole,0.375,Increases Risk,203,5,0,0,0.4178500144552569,206158.84,High
WorkLifeBalance,-0.515,Reduces Risk,203,1,0,0,0.4178500144552569,206158.84,High
JobSatisfaction,-0.51,Reduces Risk,203,2,0,0,0.4178500144552569,206158.84,High
Travels Frequently,-0.49,Reduces Risk,203,3,0,0,0.4178500144552569,206158.84,High
Single,-0.475,Reduces Risk,203,4,0,0,0.4178500144552569,206158.84,High
YearsWithCurrManager,-0.416,Reduces Risk,203,5,0,0,0.4178500144552569,206158.84,High
Travels Frequently,1.326,Increases Risk,1398,1,0,0,0.0012029502725450652,1292.26,Low
YearsAtCompany,0.269,Increases Risk,1398,2,0,0,0.0012029502725450652,1292.26,Low
Medical,0.21,Increases Risk,1398,3,0,0,0.0012029502725450652,1292.26,Low
Male,0.153,Increases Risk,1398,4,0,0,0.0012029502725450652,1292.26,Low
TrainingTimesLastYear,0.115,Increases Risk,1398,5,0,0,0.0012029502725450652,1292.26,Low
Travels Rarely,-0.622,Reduces Risk,1398,1,0,0,0.0012029502725450652,1292.26,Low
EnvironmentSatisfaction,-0.588,Reduces Risk,1398,2,0,0,0.0012029502725450652,1292.26,Low
YearsWithCurrManager,-0.547,Reduces Risk,1398,3,0,0,0.0012029502725450652,1292.26,Low
YearsInCurrentRole,-0.513,Reduces Risk,1398,4,0,0,0.0012029502725450652,1292.26,Low
Single,-0.475,Reduces Risk,1398,5,0,0,0.0012029502725450652,1292.26,Low
Single,0.883,Increases Risk,549,1,0,0,0.03947208078986253,43638.75,Medium
YearsInCurrentRole,0.552,Increases Risk,549,2,0,0,0.03947208078986253,43638.75,Medium
Travels Rarely,0.35,Increases Risk,549,3,0,0,0.03947208078986253,43638.75,Medium
YearsSinceLastPromotion,0.329,Increases Risk,549,4,0,0,0.03947208078986253,43638.75,Medium
Life Sciences,0.219,Increases Risk,549,5,0,0,0.03947208078986253,43638.75,Medium
Travels Frequently,-0.49,Reduces Risk,549,1,0,0,0.03947208078986253,43638.75,Medium
Overtime,-0.409,Reduces Risk,549,2,0,0,0.03947208078986253,43638.75,Medium
Medical,-0.343,Reduces Risk,549,3,0,0,0.03947208078986253,43638.75,Medium
Male,-0.296,Reduces Risk,549,4,0,0,0.03947208078986253,43638.75,Medium
Laboratory Technician,-0.268,Reduces Risk,549,5,0,0,0.03947208078986253,43638.75,Medium
Travels Frequently,1.326,Increases Risk,1159,1,0,0,0.10383032371058126,94232.25,Medium
Single,0.883,Increases Risk,1159,2,0,0,0.10383032371058126,94232.25,Medium
WorkLifeBalance,0.589,Increases Risk,1159,3,0,0,0.10383032371058126,94232.25,Medium
EnvironmentSatisfaction,0.55,Increases Risk,1159,4,0,0,0.10383032371058126,94232.25,Medium
Manufacturing Director,0.541,Increases Risk,1159,5,0,0,0.10383032371058126,94232.25,Medium
Travels Rarely,-0.622,Reduces Risk,1159,1,0,0,0.10383032371058126,94232.25,Medium
YearsWithCurrManager,-0.547,Reduces Risk,1159,2,0,0,0.10383032371058126,94232.25,Medium
NumCompaniesWorked,-0.524,Reduces Risk,1159,3,0,0,0.10383032371058126,94232.25,Medium
Overtime,-0.409,Reduces Risk,1159,4,0,0,0.10383032371058126,94232.25,Medium
Medical,-0.343,Reduces Risk,1159,5,0,0,0.10383032371058126,94232.25,Medium
Human Resources,1.787,Increases Risk,1243,1,0,0,0.04709402542694653,82700.88,Medium
JobInvolvement,0.819,Increases Risk,1243,2,0,0,0.04709402542694653,82700.88,Medium
YearsInCurrentRole,0.73,Increases Risk,1243,3,0,0,0.04709402542694653,82700.88,Medium
Travels Rarely,0.35,Increases Risk,1243,4,0,0,0.04709402542694653,82700.88,Medium
NumCompaniesWorked,0.291,Increases Risk,1243,5,0,0,0.04709402542694653,82700.88,Medium
WorkLifeBalance,-0.515,Reduces Risk,1243,1,0,0,0.04709402542694653,82700.88,Medium
Travels Frequently,-0.49,Reduces Risk,1243,2,0,0,0.04709402542694653,82700.88,Medium
Single,-0.475,Reduces Risk,1243,3,0,0,0.04709402542694653,82700.88,Medium
Overtime,-0.409,Reduces Risk,1243,4,0,0,0.04709402542694653,82700.88,Medium
Life Sciences,-0.373,Reduces Risk,1243,5,0,0,0.04709402542694653,82700.88,Medium
Laboratory Technician,1.794,Increases Risk,777,1,1,0,0.4999970190512939,127439.24,Medium
Single,0.883,Increases Risk,777,2,1,0,0.4999970190512939,127439.24,Medium
YearsInCurrentRole,0.73,Increases Risk,777,3,1,0,0.4999970190512939,127439.24,Medium
JobSatisfaction,0.676,Increases Risk,777,4,1,0,0.4999970190512939,127439.24,Medium
TotalWorkingYears,0.557,Increases Risk,777,5,1,0,0.4999970190512939,127439.24,Medium
YearsAtCompany,-0.609,Reduces Risk,777,1,1,0,0.4999970190512939,127439.24,Medium
TrainingTimesLastYear,-0.523,Reduces Risk,777,2,1,0,0.4999970190512939,127439.24,Medium
Travels Frequently,-0.49,Reduces Risk,777,3,1,0,0.4999970190512939,127439.24,Medium
Overtime,-0.409,Reduces Risk,777,4,1,0,0.4999970190512939,127439.24,Medium
Life Sciences,-0.373,Reduces Risk,777,5,1,0,0.4999970190512939,127439.24,Medium
Travels Frequently,1.326,Increases Risk,1033,1,1,0,0.026244719300771633,35175.27,Medium
Single,0.883,Increases Risk,1033,2,1,0,0.026244719300771633,35175.27,Medium
Manufacturing Director,0.541,Increases Risk,1033,3,1,0,0.026244719300771633,35175.27,Medium
YearsAtCompany,0.379,Increases Risk,1033,4,1,0,0.026244719300771633,35175.27,Medium
YearsSinceLastPromotion,0.329,Increases Risk,1033,5,1,0,0.026244719300771633,35175.27,Medium
YearsInCurrentRole,-0.691,Reduces Risk,1033,1,1,0,0.026244719300771633,35175.27,Medium
Travels Rarely,-0.622,Reduces Risk,1033,2,1,0,0.026244719300771633,35175.27,Medium
JobInvolvement,-0.61,Reduces Risk,1033,3,1,0,0.026244719300771633,35175.27,Medium
YearsWithCurrManager,-0.416,Reduces Risk,1033,4,1,0,0.026244719300771633,35175.27,Medium
Overtime,-0.409,Reduces Risk,1033,5,1,0,0.026244719300771633,35175.27,Medium
NumCompaniesWorked,0.495,Increases Risk,588,1,0,0,0.0004611374378133861,1464.12,Low
EstimatedMonthlySalary,0.489,Increases Risk,588,2,0,0,0.0004611374378133861,1464.12,Low
Travels Rarely,0.35,Increases Risk,588,3,0,0,0.0004611374378133861,1464.12,Low
Married,0.239,Increases Risk,588,4,0,0,0.0004611374378133861,1464.12,Low
Life Sciences,0.219,Increases Risk,588,5,0,0,0.0004611374378133861,1464.12,Low
TotalWorkingYears,-1.161,Reduces Risk,588,1,0,0,0.0004611374378133861,1464.12,Low
JobRole_Research Director,-1.125,Reduces Risk,588,2,0,0,0.0004611374378133861,1464.12,Low
Travels Frequently,-0.49,Reduces Risk,588,3,0,0,0.0004611374378133861,1464.12,Low
Single,-0.475,Reduces Risk,588,4,0,0,0.0004611374378133861,1464.12,Low
Overtime,-0.409,Reduces Risk,588,5,0,0,0.0004611374378133861,1464.12,Low
JobInvolvement,0.819,Increases Risk,744,1,1,0,0.15763146524125804,135540.99,Medium
YearsInCurrentRole,0.73,Increases Risk,744,2,1,0,0.15763146524125804,135540.99,Medium
WorkLifeBalance,0.589,Increases Risk,744,3,1,0,0.15763146524125804,135540.99,Medium
EnvironmentSatisfaction,0.55,Increases Risk,744,4,1,0,0.15763146524125804,135540.99,Medium
YearsWithCurrManager,0.503,Increases Risk,744,5,1,0,0.15763146524125804,135540.99,Medium
YearsAtCompany,-0.609,Reduces Risk,744,1,1,0,0.15763146524125804,135540.99,Medium
Travels Frequently,-0.49,Reduces Risk,744,2,1,0,0.15763146524125804,135540.99,Medium
Single,-0.475,Reduces Risk,744,3,1,0,0.15763146524125804,135540.99,Medium
Overtime,-0.409,Reduces Risk,744,4,1,0,0.15763146524125804,135540.99,Medium
Medical,-0.343,Reduces Risk,744,5,1,0,0.15763146524125804,135540.99,Medium
Overtime,1.744,Increases Risk,192,1,1,1,0.5707328295917675,607761.98,High
YearsInCurrentRole,0.73,Increases Risk,192,2,1,1,0.5707328295917675,607761.98,High
DistanceFromHome,0.576,Increases Risk,192,3,1,1,0.5707328295917675,607761.98,High
Manufacturing Director,0.541,Increases Risk,192,4,1,1,0.5707328295917675,607761.98,High
YearsWithCurrManager,0.372,Increases Risk,192,5,1,1,0.5707328295917675,607761.98,High
YearsAtCompany,-0.609,Reduces Risk,192,1,1,1,0.5707328295917675,607761.98,High
Travels Frequently,-0.49,Reduces Risk,192,2,1,1,0.5707328295917675,607761.98,High
Single,-0.475,Reduces Risk,192,3,1,1,0.5707328295917675,607761.98,High
Life Sciences,-0.373,Reduces Risk,192,4,1,1,0.5707328295917675,607761.98,High
YearsSinceLastPromotion,-0.313,Reduces Risk,192,5,1,1,0.5707328295917675,607761.98,High
Sales Executive,0.696,Increases Risk,339,1,0,0,0.016772270687826753,18760.12,Low
Sales Department,0.404,Increases Risk,339,2,0,0,0.016772270687826753,18760.12,Low
Travels Rarely,0.35,Increases Risk,339,3,0,0,0.016772270687826753,18760.12,Low
JobSatisfaction,0.281,Increases Risk,339,4,0,0,0.016772270687826753,18760.12,Low
RelationshipSatisfaction,0.267,Increases Risk,339,5,0,0,0.016772270687826753,18760.12,Low
YearsInCurrentRole,-0.513,Reduces Risk,339,1,0,0,0.016772270687826753,18760.12,Low
Travels Frequently,-0.49,Reduces Risk,339,2,0,0,0.016772270687826753,18760.12,Low
Single,-0.475,Reduces Risk,339,3,0,0,0.016772270687826753,18760.12,Low
YearsWithCurrManager,-0.416,Reduces Risk,339,4,0,0,0.016772270687826753,18760.12,Low
Overtime,-0.409,Reduces Risk,339,5,0,0,0.016772270687826753,18760.12,Low
Overtime,1.744,Increases Risk,1344,1,0,0,0.1397944208961915,107798.27,Medium
Research Scientist,0.75,Increases Risk,1344,2,0,0,0.1397944208961915,107798.27,Medium
JobSatisfaction,0.676,Increases Risk,1344,3,0,0,0.1397944208961915,107798.27,Medium
NumCompaniesWorked,0.495,Increases Risk,1344,4,0,0,0.1397944208961915,107798.27,Medium
Travels Rarely,0.35,Increases Risk,1344,5,0,0,0.1397944208961915,107798.27,Medium
EnvironmentSatisfaction,-0.588,Reduces Risk,1344,1,0,0,0.1397944208961915,107798.27,Medium
Travels Frequently,-0.49,Reduces Risk,1344,2,0,0,0.1397944208961915,107798.27,Medium
Single,-0.475,Reduces Risk,1344,3,0,0,0.1397944208961915,107798.27,Medium
Medical,-0.343,Reduces Risk,1344,4,0,0,0.1397944208961915,107798.27,Medium
TotalWorkingYears,-0.332,Reduces Risk,1344,5,0,0,0.1397944208961915,107798.27,Medium
Single,0.883,Increases Risk,289,1,0,0,0.008856191266478753,5276.52,Low
Research Scientist,0.75,Increases Risk,289,2,0,0,0.008856191266478753,5276.52,Low
Travels Rarely,0.35,Increases Risk,289,3,0,0,0.008856191266478753,5276.52,Low
TotalWorkingYears,0.32,Increases Risk,289,4,0,0,0.008856191266478753,5276.52,Low
YearsWithCurrManager,0.24,Increases Risk,289,5,0,0,0.008856191266478753,5276.52,Low
EnvironmentSatisfaction,-0.588,Reduces Risk,289,1,0,0,0.008856191266478753,5276.52,Low
JobSatisfaction,-0.51,Reduces Risk,289,2,0,0,0.008856191266478753,5276.52,Low
Travels Frequently,-0.49,Reduces Risk,289,3,0,0,0.008856191266478753,5276.52,Low
Overtime,-0.409,Reduces Risk,289,4,0,0,0.008856191266478753,5276.52,Low
Life Sciences,-0.373,Reduces Risk,289,5,0,0,0.008856191266478753,5276.52,Low
Overtime,1.744,Increases Risk,1096,1,0,0,0.1238138437729227,366323.07,High
YearsAtCompany,1.587,Increases Risk,1096,2,0,0,0.1238138437729227,366323.07,High
Single,0.883,Increases Risk,1096,3,0,0,0.1238138437729227,366323.07,High
YearsSinceLastPromotion,0.812,Increases Risk,1096,4,0,0,0.1238138437729227,366323.07,High
EstimatedMonthlySalary,0.44,Increases Risk,1096,5,0,0,0.1238138437729227,366323.07,High
TotalWorkingYears,-0.628,Reduces Risk,1096,1,0,0,0.1238138437729227,366323.07,High
YearsInCurrentRole,-0.513,Reduces Risk,1096,2,0,0,0.1238138437729227,366323.07,High
JobSatisfaction,-0.51,Reduces Risk,1096,3,0,0,0.1238138437729227,366323.07,High
Travels Frequently,-0.49,Reduces Risk,1096,4,0,0,0.1238138437729227,366323.07,High
YearsWithCurrManager,-0.416,Reduces Risk,1096,5,0,0,0.1238138437729227,366323.07,High
Sales Executive,0.696,Increases Risk,1355,1,0,0,0.17887779046689284,177314.4,High
WorkLifeBalance,0.589,Increases Risk,1355,2,0,0,0.17887779046689284,177314.4,High
Sales Department,0.404,Increases Risk,1355,3,0,0,0.17887779046689284,177314.4,High
YearsInCurrentRole,0.375,Increases Risk,1355,4,0,0,0.17887779046689284,177314.4,High
Travels Rarely,0.35,Increases Risk,1355,5,0,0,0.17887779046689284,177314.4,High
Travels Frequently,-0.49,Reduces Risk,1355,1,0,0,0.17887779046689284,177314.4,High
Single,-0.475,Reduces Risk,1355,2,0,0,0.17887779046689284,177314.4,High
Overtime,-0.409,Reduces Risk,1355,3,0,0,0.17887779046689284,177314.4,High
YearsAtCompany,-0.28,Reduces Risk,1355,4,0,0,0.17887779046689284,177314.4,High
Marketing,-0.272,Reduces Risk,1355,5,0,0,0.17887779046689284,177314.4,High
Single,0.883,Increases Risk,29,1,0,0,0.07947018348473388,271029.88,High
JobSatisfaction,0.676,Increases Risk,29,2,0,0,0.07947018348473388,271029.88,High
EstimatedMonthlySalary,0.543,Increases Risk,29,3,0,0,0.07947018348473388,271029.88,High
Sales Department,0.404,Increases Risk,29,4,0,0,0.07947018348473388,271029.88,High
YearsInCurrentRole,0.375,Increases Risk,29,5,0,0,0.07947018348473388,271029.88,High
TotalWorkingYears,-0.687,Reduces Risk,29,1,0,0,0.07947018348473388,271029.88,High
YearsAtCompany,-0.5,Reduces Risk,29,2,0,0,0.07947018348473388,271029.88,High
Travels Frequently,-0.49,Reduces Risk,29,3,0,0,0.07947018348473388,271029.88,High
Overtime,-0.409,Reduces Risk,29,4,0,0,0.07947018348473388,271029.88,High
JobLevel,-0.327,Reduces Risk,29,5,0,0,0.07947018348473388,271029.88,High
Overtime,1.744,Increases Risk,486,1,0,0,0.29473603888828226,509409.98,High
YearsInCurrentRole,0.73,Increases Risk,486,2,0,0,0.29473603888828226,509409.98,High
Sales Executive,0.696,Increases Risk,486,3,0,0,0.29473603888828226,509409.98,High
YearsWithCurrManager,0.503,Increases Risk,486,4,0,0,0.29473603888828226,509409.98,High
Sales Department,0.404,Increases Risk,486,5,0,0,0.29473603888828226,509409.98,High
EnvironmentSatisfaction,-0.588,Reduces Risk,486,1,0,0,0.29473603888828226,509409.98,High
Travels Frequently,-0.49,Reduces Risk,486,2,0,0,0.29473603888828226,509409.98,High
Single,-0.475,Reduces Risk,486,3,0,0,0.29473603888828226,509409.98,High
TotalWorkingYears,-0.391,Reduces Risk,486,4,0,0,0.29473603888828226,509409.98,High
YearsAtCompany,-0.39,Reduces Risk,486,5,0,0,0.29473603888828226,509409.98,High
YearsAtCompany,0.928,Increases Risk,76,1,0,0,0.04829847842081488,37487.35,Medium
Single,0.883,Increases Risk,76,2,0,0,0.04829847842081488,37487.35,Medium
Sales Executive,0.696,Increases Risk,76,3,0,0,0.04829847842081488,37487.35,Medium
JobSatisfaction,0.676,Increases Risk,76,4,0,0,0.04829847842081488,37487.35,Medium
Sales Department,0.404,Increases Risk,76,5,0,0,0.04829847842081488,37487.35,Medium
YearsInCurrentRole,-1.578,Reduces Risk,76,1,0,0,0.04829847842081488,37487.35,Medium
YearsWithCurrManager,-0.547,Reduces Risk,76,2,0,0,0.04829847842081488,37487.35,Medium
NumCompaniesWorked,-0.524,Reduces Risk,76,3,0,0,0.04829847842081488,37487.35,Medium
Travels Frequently,-0.49,Reduces Risk,76,4,0,0,0.04829847842081488,37487.35,Medium
Overtime,-0.409,Reduces Risk,76,5,0,0,0.04829847842081488,37487.35,Medium
Overtime,1.744,Increases Risk,903,1,0,0,0.05660789712615481,67484.54,Medium
YearsInCurrentRole,0.73,Increases Risk,903,2,0,0,0.05660789712615481,67484.54,Medium
YearsWithCurrManager,0.503,Increases Risk,903,3,0,0,0.05660789712615481,67484.54,Medium
Travels Rarely,0.35,Increases Risk,903,4,0,0,0.05660789712615481,67484.54,Medium
TotalWorkingYears,0.261,Increases Risk,903,5,0,0,0.05660789712615481,67484.54,Medium
JobSatisfaction,-0.51,Reduces Risk,903,1,0,0,0.05660789712615481,67484.54,Medium
Travels Frequently,-0.49,Reduces Risk,903,2,0,0,0.05660789712615481,67484.54,Medium
Single,-0.475,Reduces Risk,903,3,0,0,0.05660789712615481,67484.54,Medium
Life Sciences,-0.373,Reduces Risk,903,4,0,0,0.05660789712615481,67484.54,Medium
NumCompaniesWorked,-0.32,Reduces Risk,903,5,0,0,0.05660789712615481,67484.54,Medium
Overtime,1.744,Increases Risk,65,1,0,0,0.006701801070250286,17800.52,Low
YearsInCurrentRole,0.73,Increases Risk,65,2,0,0,0.006701801070250286,17800.52,Low
EstimatedMonthlySalary,0.371,Increases Risk,65,3,0,0,0.006701801070250286,17800.52,Low
Travels Rarely,0.35,Increases Risk,65,4,0,0,0.006701801070250286,17800.52,Low
YearsWithCurrManager,0.24,Increases Risk,65,5,0,0,0.006701801070250286,17800.52,Low
TotalWorkingYears,-0.628,Reduces Risk,65,1,0,0,0.006701801070250286,17800.52,Low
EnvironmentSatisfaction,-0.588,Reduces Risk,65,2,0,0,0.006701801070250286,17800.52,Low
Age,-0.512,Reduces Risk,65,3,0,0,0.006701801070250286,17800.52,Low
Travels Frequently,-0.49,Reduces Risk,65,4,0,0,0.006701801070250286,17800.52,Low
Single,-0.475,Reduces Risk,65,5,0,0,0.006701801070250286,17800.52,Low
Travels Frequently,1.326,Increases Risk,1146,1,0,0,0.019356023528655772,16458.81,Low
YearsSinceLastPromotion,0.812,Increases Risk,1146,2,0,0,0.019356023528655772,16458.81,Low
Manufacturing Director,0.541,Increases Risk,1146,3,0,0,0.019356023528655772,16458.81,Low
YearsAtCompany,0.269,Increases Risk,1146,4,0,0,0.019356023528655772,16458.81,Low
RelationshipSatisfaction,0.267,Increases Risk,1146,5,0,0,0.019356023528655772,16458.81,Low
Travels Rarely,-0.622,Reduces Risk,1146,1,0,0,0.019356023528655772,16458.81,Low
JobInvolvement,-0.61,Reduces Risk,1146,2,0,0,0.019356023528655772,16458.81,Low
YearsInCurrentRole,-0.513,Reduces Risk,1146,3,0,0,0.019356023528655772,16458.81,Low
JobSatisfaction,-0.51,Reduces Risk,1146,4,0,0,0.019356023528655772,16458.81,Low
Single,-0.475,Reduces Risk,1146,5,0,0,0.019356023528655772,16458.81,Low
Sales Executive,0.696,Increases Risk,583,1,0,0,0.10087075167985403,118018.78,Medium
JobSatisfaction,0.676,Increases Risk,583,2,0,0,0.10087075167985403,118018.78,Medium
NumCompaniesWorked,0.495,Increases Risk,583,3,0,0,0.10087075167985403,118018.78,Medium
Sales Department,0.404,Increases Risk,583,4,0,0,0.10087075167985403,118018.78,Medium
YearsInCurrentRole,0.375,Increases Risk,583,5,0,0,0.10087075167985403,118018.78,Medium
Travels Frequently,-0.49,Reduces Risk,583,1,0,0,0.10087075167985403,118018.78,Medium
Single,-0.475,Reduces Risk,583,2,0,0,0.10087075167985403,118018.78,Medium
Overtime,-0.409,Reduces Risk,583,3,0,0,0.10087075167985403,118018.78,Medium
YearsAtCompany,-0.39,Reduces Risk,583,4,0,0,0.10087075167985403,118018.78,Medium
Life Sciences,-0.373,Reduces Risk,583,5,0,0,0.10087075167985403,118018.78,Medium
Overtime,1.744,Increases Risk,882,1,0,0,0.2078621710665954,383580.54,High
JobInvolvement,0.819,Increases Risk,882,2,0,0,0.2078621710665954,383580.54,High
YearsSinceLastPromotion,0.812,Increases Risk,882,3,0,0,0.2078621710665954,383580.54,High
JobSatisfaction,0.676,Increases Risk,882,4,0,0,0.2078621710665954,383580.54,High
Manufacturing Director,0.541,Increases Risk,882,5,0,0,0.2078621710665954,383580.54,High
YearsInCurrentRole,-0.513,Reduces Risk,882,1,0,0,0.2078621710665954,383580.54,High
Travels Frequently,-0.49,Reduces Risk,882,2,0,0,0.2078621710665954,383580.54,High
Single,-0.475,Reduces Risk,882,3,0,0,0.2078621710665954,383580.54,High
YearsWithCurrManager,-0.416,Reduces Risk,882,4,0,0,0.2078621710665954,383580.54,High
TotalWorkingYears,-0.391,Reduces Risk,882,5,0,0,0.2078621710665954,383580.54,High
Overtime,1.744,Increases Risk,948,1,0,0,0.13446955978537029,288421.07,High
JobSatisfaction,0.676,Increases Risk,948,2,0,0,0.13446955978537029,288421.07,High
YearsInCurrentRole,0.552,Increases Risk,948,3,0,0,0.13446955978537029,288421.07,High
Travels Rarely,0.35,Increases Risk,948,4,0,0,0.13446955978537029,288421.07,High
DistanceFromHome,0.327,Increases Risk,948,5,0,0,0.13446955978537029,288421.07,High
YearsWithCurrManager,-0.547,Reduces Risk,948,1,0,0,0.13446955978537029,288421.07,High
Travels Frequently,-0.49,Reduces Risk,948,2,0,0,0.13446955978537029,288421.07,High
Single,-0.475,Reduces Risk,948,3,0,0,0.13446955978537029,288421.07,High
Medical,-0.343,Reduces Risk,948,4,0,0,0.13446955978537029,288421.07,High
NumCompaniesWorked,-0.32,Reduces Risk,948,5,0,0,0.13446955978537029,288421.07,High
EstimatedMonthlySalary,0.529,Increases Risk,858,1,0,0,0.00020282320393583432,679.27,Low
Travels Rarely,0.35,Increases Risk,858,2,0,0,0.00020282320393583432,679.27,Low
YearsSinceLastPromotion,0.329,Increases Risk,858,3,0,0,0.00020282320393583432,679.27,Low
Life Sciences,0.219,Increases Risk,858,4,0,0,0.00020282320393583432,679.27,Low
RelationshipSatisfaction,0.109,Increases Risk,858,5,0,0,0.00020282320393583432,679.27,Low
TotalWorkingYears,-0.924,Reduces Risk,858,1,0,0,0.00020282320393583432,679.27,Low
EnvironmentSatisfaction,-0.588,Reduces Risk,858,2,0,0,0.00020282320393583432,679.27,Low
TrainingTimesLastYear,-0.523,Reduces Risk,858,3,0,0,0.00020282320393583432,679.27,Low
YearsInCurrentRole,-0.513,Reduces Risk,858,4,0,0,0.00020282320393583432,679.27,Low
Travels Frequently,-0.49,Reduces Risk,858,5,0,0,0.00020282320393583432,679.27,Low
Human Resources,1.787,Increases Risk,551,1,0,0,0.23171449507563988,266476.3,High
NumCompaniesWorked,1.31,Increases Risk,551,2,0,0,0.23171449507563988,266476.3,High
WorkLifeBalance,0.589,Increases Risk,551,3,0,0,0.23171449507563988,266476.3,High
Travels Rarely,0.35,Increases Risk,551,4,0,0,0.23171449507563988,266476.3,High
JobSatisfaction,0.281,Increases Risk,551,5,0,0,0.23171449507563988,266476.3,High
JobInvolvement,-0.61,Reduces Risk,551,1,0,0,0.23171449507563988,266476.3,High
Travels Frequently,-0.49,Reduces Risk,551,2,0,0,0.23171449507563988,266476.3,High
Single,-0.475,Reduces Risk,551,3,0,0,0.23171449507563988,266476.3,High
Overtime,-0.409,Reduces Risk,551,4,0,0,0.23171449507563988,266476.3,High
Male,-0.296,Reduces Risk,551,5,0,0,0.23171449507563988,266476.3,High
Overtime,1.744,Increases Risk,1374,1,0,0,0.03380933602846532,108781.54,Medium
YearsInCurrentRole,0.73,Increases Risk,1374,2,0,0,0.03380933602846532,108781.54,Medium
YearsWithCurrManager,0.503,Increases Risk,1374,3,0,0,0.03380933602846532,108781.54,Medium
EstimatedMonthlySalary,0.499,Increases Risk,1374,4,0,0,0.03380933602846532,108781.54,Medium
DistanceFromHome,0.493,Increases Risk,1374,5,0,0,0.03380933602846532,108781.54,Medium
TotalWorkingYears,-1.101,Reduces Risk,1374,1,0,0,0.03380933602846532,108781.54,Medium
YearsAtCompany,-0.609,Reduces Risk,1374,2,0,0,0.03380933602846532,108781.54,Medium
Age,-0.592,Reduces Risk,1374,3,0,0,0.03380933602846532,108781.54,Medium
EnvironmentSatisfaction,-0.588,Reduces Risk,1374,4,0,0,0.03380933602846532,108781.54,Medium
JobSatisfaction,-0.51,Reduces Risk,1374,5,0,0,0.03380933602846532,108781.54,Medium
JobRole_Sales Representative,1.949,Increases Risk,478,1,0,0,0.14216397227124242,53635.62,Medium
Sales Department,0.404,Increases Risk,478,2,0,0,0.14216397227124242,53635.62,Medium
Travels Rarely,0.35,Increases Risk,478,3,0,0,0.14216397227124242,53635.62,Medium
Age,0.284,Increases Risk,478,4,0,0,0.14216397227124242,53635.62,Medium
TrainingTimesLastYear,0.274,Increases Risk,478,5,0,0,0.14216397227124242,53635.62,Medium
Travels Frequently,-0.49,Reduces Risk,478,1,0,0,0.14216397227124242,53635.62,Medium
Single,-0.475,Reduces Risk,478,2,0,0,0.14216397227124242,53635.62,Medium
Overtime,-0.409,Reduces Risk,478,3,0,0,0.14216397227124242,53635.62,Medium
Medical,-0.343,Reduces Risk,478,4,0,0,0.14216397227124242,53635.62,Medium
NumCompaniesWorked,-0.32,Reduces Risk,478,5,0,0,0.14216397227124242,53635.62,Medium
Sales Executive,0.696,Increases Risk,836,1,1,0,0.05865461007857241,77452.24,Medium
JobSatisfaction,0.676,Increases Risk,836,2,1,0,0.05865461007857241,77452.24,Medium
WorkLifeBalance,0.589,Increases Risk,836,3,1,0,0.05865461007857241,77452.24,Medium
DistanceFromHome,0.576,Increases Risk,836,4,1,0,0.05865461007857241,77452.24,Medium
YearsAtCompany,0.489,Increases Risk,836,5,1,0,0.05865461007857241,77452.24,Medium
YearsWithCurrManager,-0.81,Reduces Risk,836,1,1,0,0.05865461007857241,77452.24,Medium
YearsInCurrentRole,-0.691,Reduces Risk,836,2,1,0,0.05865461007857241,77452.24,Medium
EnvironmentSatisfaction,-0.588,Reduces Risk,836,3,1,0,0.05865461007857241,77452.24,Medium
Travels Frequently,-0.49,Reduces Risk,836,4,1,0,0.05865461007857241,77452.24,Medium
Single,-0.475,Reduces Risk,836,5,1,0,0.05865461007857241,77452.24,Medium
Laboratory Technician,1.794,Increases Risk,1042,1,0,0,0.04272657210245193,24318.26,Low
Single,0.883,Increases Risk,1042,2,0,0,0.04272657210245193,24318.26,Low
YearsInCurrentRole,0.375,Increases Risk,1042,3,0,0,0.04272657210245193,24318.26,Low
JobInvolvement,0.343,Increases Risk,1042,4,0,0,0.04272657210245193,24318.26,Low
Medical,0.21,Increases Risk,1042,5,0,0,0.04272657210245193,24318.26,Low
Travels Rarely,-0.622,Reduces Risk,1042,1,0,0,0.04272657210245193,24318.26,Low
Travels Frequently,-0.49,Reduces Risk,1042,2,0,0,0.04272657210245193,24318.26,Low
Overtime,-0.409,Reduces Risk,1042,3,0,0,0.04272657210245193,24318.26,Low
Life Sciences,-0.373,Reduces Risk,1042,4,0,0,0.04272657210245193,24318.26,Low
TrainingTimesLastYear,-0.363,Reduces Risk,1042,5,0,0,0.04272657210245193,24318.26,Low
Overtime,1.744,Increases Risk,1196,1,0,0,0.26908134623029045,343014.14,High
Single,0.883,Increases Risk,1196,2,0,0,0.26908134623029045,343014.14,High
YearsInCurrentRole,0.73,Increases Risk,1196,3,0,0,0.26908134623029045,343014.14,High
Sales Executive,0.696,Increases Risk,1196,4,0,0,0.26908134623029045,343014.14,High
DistanceFromHome,0.576,Increases Risk,1196,5,0,0,0.26908134623029045,343014.14,High
TotalWorkingYears,-0.628,Reduces Risk,1196,1,0,0,0.26908134623029045,343014.14,High
EnvironmentSatisfaction,-0.588,Reduces Risk,1196,2,0,0,0.26908134623029045,343014.14,High
YearsAtCompany,-0.5,Reduces Risk,1196,3,0,0,0.26908134623029045,343014.14,High
Travels Frequently,-0.49,Reduces Risk,1196,4,0,0,0.26908134623029045,343014.14,High
Life Sciences,-0.373,Reduces Risk,1196,5,0,0,0.26908134623029045,343014.14,High
Human Resources,1.787,Increases Risk,493,1,0,0,0.17342861563470569,186834.65,High
Single,0.883,Increases Risk,493,2,0,0,0.17342861563470569,186834.65,High
EnvironmentSatisfaction,0.55,Increases Risk,493,3,0,0,0.17342861563470569,186834.65,High
YearsInCurrentRole,0.375,Increases Risk,493,4,0,0,0.17342861563470569,186834.65,High
Travels Rarely,0.35,Increases Risk,493,5,0,0,0.17342861563470569,186834.65,High
WorkLifeBalance,-0.515,Reduces Risk,493,1,0,0,0.17342861563470569,186834.65,High
YearsAtCompany,-0.5,Reduces Risk,493,2,0,0,0.17342861563470569,186834.65,High
Travels Frequently,-0.49,Reduces Risk,493,3,0,0,0.17342861563470569,186834.65,High
Overtime,-0.409,Reduces Risk,493,4,0,0,0.17342861563470569,186834.65,High
Life Sciences,-0.373,Reduces Risk,493,5,0,0,0.17342861563470569,186834.65,High
Research Scientist,0.75,Increases Risk,626,1,0,0,0.019250599265477564,17931.93,Low
NumCompaniesWorked,0.495,Increases Risk,626,2,0,0,0.019250599265477564,17931.93,Low
Travels Rarely,0.35,Increases Risk,626,3,0,0,0.019250599265477564,17931.93,Low
Married,0.239,Increases Risk,626,4,0,0,0.019250599265477564,17931.93,Low
WorkLifeBalance,0.221,Increases Risk,626,5,0,0,0.019250599265477564,17931.93,Low
JobInvolvement,-0.61,Reduces Risk,626,1,0,0,0.019250599265477564,17931.93,Low
Travels Frequently,-0.49,Reduces Risk,626,2,0,0,0.019250599265477564,17931.93,Low
Single,-0.475,Reduces Risk,626,3,0,0,0.019250599265477564,17931.93,Low
Overtime,-0.409,Reduces Risk,626,4,0,0,0.019250599265477564,17931.93,Low
Medical,-0.343,Reduces Risk,626,5,0,0,0.019250599265477564,17931.93,Low
Laboratory Technician,1.794,Increases Risk,44,1,0,0,0.039154395239681505,28268.69,Low
Travels Frequently,1.326,Increases Risk,44,2,0,0,0.039154395239681505,28268.69,Low
Single,0.883,Increases Risk,44,3,0,0,0.039154395239681505,28268.69,Low
YearsAtCompany,0.598,Increases Risk,44,4,0,0,0.039154395239681505,28268.69,Low
Life Sciences,0.219,Increases Risk,44,5,0,0,0.039154395239681505,28268.69,Low
YearsInCurrentRole,-0.691,Reduces Risk,44,1,0,0,0.039154395239681505,28268.69,Low
Travels Rarely,-0.622,Reduces Risk,44,2,0,0,0.039154395239681505,28268.69,Low
JobSatisfaction,-0.51,Reduces Risk,44,3,0,0,0.039154395239681505,28268.69,Low
YearsWithCurrManager,-0.416,Reduces Risk,44,4,0,0,0.039154395239681505,28268.69,Low
Overtime,-0.409,Reduces Risk,44,5,0,0,0.039154395239681505,28268.69,Low
EnvironmentSatisfaction,0.55,Increases Risk,59,1,0,0,0.0038677996930531456,4172.35,Low
Manufacturing Director,0.541,Increases Risk,59,2,0,0,0.0038677996930531456,4172.35,Low
Travels Rarely,0.35,Increases Risk,59,3,0,0,0.0038677996930531456,4172.35,Low
JobInvolvement,0.343,Increases Risk,59,4,0,0,0.0038677996930531456,4172.35,Low
Medical,0.21,Increases Risk,59,5,0,0,0.0038677996930531456,4172.35,Low
WorkLifeBalance,-0.515,Reduces Risk,59,1,0,0,0.0038677996930531456,4172.35,Low
Travels Frequently,-0.49,Reduces Risk,59,2,0,0,0.0038677996930531456,4172.35,Low
Single,-0.475,Reduces Risk,59,3,0,0,0.0038677996930531456,4172.35,Low
YearsWithCurrManager,-0.416,Reduces Risk,59,4,0,0,0.0038677996930531456,4172.35,Low
Overtime,-0.409,Reduces Risk,59,5,0,0,0.0038677996930531456,4172.35,Low
Single,0.883,Increases Risk,23,1,0,0,0.055664766676096857,12344.22,Low
Research Scientist,0.75,Increases Risk,23,2,0,0,0.055664766676096857,12344.22,Low
YearsInCurrentRole,0.73,Increases Risk,23,3,0,0,0.055664766676096857,12344.22,Low
TotalWorkingYears,0.616,Increases Risk,23,4,0,0,0.055664766676096857,12344.22,Low
YearsWithCurrManager,0.503,Increases Risk,23,5,0,0,0.055664766676096857,12344.22,Low
YearsAtCompany,-0.719,Reduces Risk,23,1,0,0,0.055664766676096857,12344.22,Low
TrainingTimesLastYear,-0.523,Reduces Risk,23,2,0,0,0.055664766676096857,12344.22,Low
JobSatisfaction,-0.51,Reduces Risk,23,3,0,0,0.055664766676096857,12344.22,Low
Travels Frequently,-0.49,Reduces Risk,23,4,0,0,0.055664766676096857,12344.22,Low
Overtime,-0.409,Reduces Risk,23,5,0,0,0.055664766676096857,12344.22,Low
YearsAtCompany,1.477,Increases Risk,1403,1,0,1,0.5486034260128482,1317405.3,High
YearsSinceLastPromotion,1.454,Increases Risk,1403,2,0,1,0.5486034260128482,1317405.3,High
Single,0.883,Increases Risk,1403,3,0,1,0.5486034260128482,1317405.3,High
Sales Executive,0.696,Increases Risk,1403,4,0,1,0.5486034260128482,1317405.3,High
JobSatisfaction,0.676,Increases Risk,1403,5,0,1,0.5486034260128482,1317405.3,High
YearsWithCurrManager,-0.81,Reduces Risk,1403,1,0,1,0.5486034260128482,1317405.3,High
YearsInCurrentRole,-0.691,Reduces Risk,1403,2,0,1,0.5486034260128482,1317405.3,High
TotalWorkingYears,-0.628,Reduces Risk,1403,3,0,1,0.5486034260128482,1317405.3,High
NumCompaniesWorked,-0.524,Reduces Risk,1403,4,0,1,0.5486034260128482,1317405.3,High
Travels Frequently,-0.49,Reduces Risk,1403,5,0,1,0.5486034260128482,1317405.3,High
JobRole_Sales Representative,1.949,Increases Risk,381,1,0,0,0.399471023887973,178036.25,High
YearsInCurrentRole,0.73,Increases Risk,381,2,0,0,0.399471023887973,178036.25,High
TotalWorkingYears,0.557,Increases Risk,381,3,0,0,0.399471023887973,178036.25,High
YearsWithCurrManager,0.503,Increases Risk,381,4,0,0,0.399471023887973,178036.25,High
Technical Degree,0.428,Increases Risk,381,5,0,0,0.399471023887973,178036.25,High
YearsAtCompany,-0.609,Reduces Risk,381,1,0,0,0.399471023887973,178036.25,High
Travels Frequently,-0.49,Reduces Risk,381,2,0,0,0.399471023887973,178036.25,High
Single,-0.475,Reduces Risk,381,3,0,0,0.399471023887973,178036.25,High
Overtime,-0.409,Reduces Risk,381,4,0,0,0.399471023887973,178036.25,High
NumCompaniesWorked,-0.32,Reduces Risk,381,5,0,0,0.399471023887973,178036.25,High
Single,0.883,Increases Risk,115,1,0,0,0.03790836642942381,50685.0,Medium
Sales Executive,0.696,Increases Risk,115,2,0,0,0.03790836642942381,50685.0,Medium
Sales Department,0.404,Increases Risk,115,3,0,0,0.03790836642942381,50685.0,Medium
Travels Rarely,0.35,Increases Risk,115,4,0,0,0.03790836642942381,50685.0,Medium
RelationshipSatisfaction,0.267,Increases Risk,115,5,0,0,0.03790836642942381,50685.0,Medium
JobSatisfaction,-0.51,Reduces Risk,115,1,0,0,0.03790836642942381,50685.0,Medium
Travels Frequently,-0.49,Reduces Risk,115,2,0,0,0.03790836642942381,50685.0,Medium
Overtime,-0.409,Reduces Risk,115,3,0,0,0.03790836642942381,50685.0,Medium
Life Sciences,-0.373,Reduces Risk,115,4,0,0,0.03790836642942381,50685.0,Medium
Laboratory Technician,-0.268,Reduces Risk,115,5,0,0,0.03790836642942381,50685.0,Medium
Overtime,1.744,Increases Risk,342,1,0,0,0.06053401197417277,77831.0,Medium
Single,0.883,Increases Risk,342,2,0,0,0.06053401197417277,77831.0,Medium
Manufacturing Director,0.541,Increases Risk,342,3,0,0,0.06053401197417277,77831.0,Medium
YearsAtCompany,0.489,Increases Risk,342,4,0,0,0.06053401197417277,77831.0,Medium
Travels Rarely,0.35,Increases Risk,342,5,0,0,0.06053401197417277,77831.0,Medium
YearsInCurrentRole,-0.868,Reduces Risk,342,1,0,0,0.06053401197417277,77831.0,Medium
YearsWithCurrManager,-0.81,Reduces Risk,342,2,0,0,0.06053401197417277,77831.0,Medium
JobSatisfaction,-0.51,Reduces Risk,342,3,0,0,0.06053401197417277,77831.0,Medium
Travels Frequently,-0.49,Reduces Risk,342,4,0,0,0.06053401197417277,77831.0,Medium
Medical,-0.343,Reduces Risk,342,5,0,0,0.06053401197417277,77831.0,Medium
Sales Executive,0.696,Increases Risk,1063,1,0,0,0.02002565203625868,31071.8,Medium
DistanceFromHome,0.41,Increases Risk,1063,2,0,0,0.02002565203625868,31071.8,Medium
Sales Department,0.404,Increases Risk,1063,3,0,0,0.02002565203625868,31071.8,Medium
YearsAtCompany,0.379,Increases Risk,1063,4,0,0,0.02002565203625868,31071.8,Medium
Travels Rarely,0.35,Increases Risk,1063,5,0,0,0.02002565203625868,31071.8,Medium
YearsInCurrentRole,-0.513,Reduces Risk,1063,1,0,0,0.02002565203625868,31071.8,Medium
Travels Frequently,-0.49,Reduces Risk,1063,2,0,0,0.02002565203625868,31071.8,Medium
Single,-0.475,Reduces Risk,1063,3,0,0,0.02002565203625868,31071.8,Medium
Overtime,-0.409,Reduces Risk,1063,4,0,0,0.02002565203625868,31071.8,Medium
Life Sciences,-0.373,Reduces Risk,1063,5,0,0,0.02002565203625868,31071.8,Medium
Overtime,1.744,Increases Risk,398,1,0,0,0.1406825962810275,112661.44,Medium
YearsSinceLastPromotion,1.294,Increases Risk,398,2,0,0,0.1406825962810275,112661.44,Medium
Research Scientist,0.75,Increases Risk,398,3,0,0,0.1406825962810275,112661.44,Medium
YearsAtCompany,0.708,Increases Risk,398,4,0,0,0.1406825962810275,112661.44,Medium
DistanceFromHome,0.66,Increases Risk,398,5,0,0,0.1406825962810275,112661.44,Medium
YearsInCurrentRole,-1.223,Reduces Risk,398,1,0,0,0.1406825962810275,112661.44,Medium
Travels Rarely,-0.622,Reduces Risk,398,2,0,0,0.1406825962810275,112661.44,Medium
Travels Frequently,-0.49,Reduces Risk,398,3,0,0,0.1406825962810275,112661.44,Medium
Single,-0.475,Reduces Risk,398,4,0,0,0.1406825962810275,112661.44,Medium
YearsWithCurrManager,-0.416,Reduces Risk,398,5,0,0,0.1406825962810275,112661.44,Medium
Overtime,1.744,Increases Risk,1067,1,0,0,0.14961441237175696,123638.36,Medium
Sales Executive,0.696,Increases Risk,1067,2,0,0,0.14961441237175696,123638.36,Medium
Sales Department,0.404,Increases Risk,1067,3,0,0,0.14961441237175696,123638.36,Medium
Travels Rarely,0.35,Increases Risk,1067,4,0,0,0.14961441237175696,123638.36,Medium
YearsWithCurrManager,0.24,Increases Risk,1067,5,0,0,0.14961441237175696,123638.36,Medium
Travels Frequently,-0.49,Reduces Risk,1067,1,0,0,0.14961441237175696,123638.36,Medium
Single,-0.475,Reduces Risk,1067,2,0,0,0.14961441237175696,123638.36,Medium
Medical,-0.343,Reduces Risk,1067,3,0,0,0.14961441237175696,123638.36,Medium
Age,-0.3,Reduces Risk,1067,4,0,0,0.14961441237175696,123638.36,Medium
Male,-0.296,Reduces Risk,1067,5,0,0,0.14961441237175696,123638.36,Medium
Overtime,1.744,Increases Risk,433,1,0,0,0.09133980176710743,149137.8,High
Sales Executive,0.696,Increases Risk,433,2,0,0,0.09133980176710743,149137.8,High
Sales Department,0.404,Increases Risk,433,3,0,0,0.09133980176710743,149137.8,High
YearsInCurrentRole,0.375,Increases Risk,433,4,0,0,0.09133980176710743,149137.8,High
Travels Rarely,0.35,Increases Risk,433,5,0,0,0.09133980176710743,149137.8,High
JobSatisfaction,-0.51,Reduces Risk,433,1,0,0,0.09133980176710743,149137.8,High
Travels Frequently,-0.49,Reduces Risk,433,2,0,0,0.09133980176710743,149137.8,High
Single,-0.475,Reduces Risk,433,3,0,0,0.09133980176710743,149137.8,High
YearsAtCompany,-0.39,Reduces Risk,433,4,0,0,0.09133980176710743,149137.8,High
Male,-0.296,Reduces Risk,433,5,0,0,0.09133980176710743,149137.8,High
YearsAtCompany,3.234,Increases Risk,270,1,0,0,0.08606803552155842,295049.83,High
Overtime,1.744,Increases Risk,270,2,0,0,0.08606803552155842,295049.83,High
Single,0.883,Increases Risk,270,3,0,0,0.08606803552155842,295049.83,High
JobSatisfaction,0.676,Increases Risk,270,4,0,0,0.08606803552155842,295049.83,High
EstimatedMonthlySalary,0.547,Increases Risk,270,5,0,0,0.08606803552155842,295049.83,High
TotalWorkingYears,-1.575,Reduces Risk,270,1,0,0,0.08606803552155842,295049.83,High
YearsWithCurrManager,-1.204,Reduces Risk,270,2,0,0,0.08606803552155842,295049.83,High
YearsInCurrentRole,-1.046,Reduces Risk,270,3,0,0,0.08606803552155842,295049.83,High
EnvironmentSatisfaction,-0.588,Reduces Risk,270,4,0,0,0.08606803552155842,295049.83,High
NumCompaniesWorked,-0.524,Reduces Risk,270,5,0,0,0.08606803552155842,295049.83,High
Manufacturing Director,0.541,Increases Risk,809,1,0,0,0.001129460473778164,1556.28,Low
Travels Rarely,0.35,Increases Risk,809,2,0,0,0.001129460473778164,1556.28,Low
JobSatisfaction,0.281,Increases Risk,809,3,0,0,0.001129460473778164,1556.28,Low
YearsAtCompany,0.269,Increases Risk,809,4,0,0,0.001129460473778164,1556.28,Low
WorkLifeBalance,0.221,Increases Risk,809,5,0,0,0.001129460473778164,1556.28,Low
EnvironmentSatisfaction,-0.588,Reduces Risk,809,1,0,0,0.001129460473778164,1556.28,Low
NumCompaniesWorked,-0.524,Reduces Risk,809,2,0,0,0.001129460473778164,1556.28,Low
YearsInCurrentRole,-0.513,Reduces Risk,809,3,0,0,0.001129460473778164,1556.28,Low
Travels Frequently,-0.49,Reduces Risk,809,4,0,0,0.001129460473778164,1556.28,Low
Single,-0.475,Reduces Risk,809,5,0,0,0.001129460473778164,1556.28,Low
YearsSinceLastPromotion,0.812,Increases Risk,607,1,1,0,0.0045553782320470635,6276.04,Low
Sales Executive,0.696,Increases Risk,607,2,1,0,0.0045553782320470635,6276.04,Low
Sales Department,0.404,Increases Risk,607,3,1,0,0.0045553782320470635,6276.04,Low
Travels Rarely,0.35,Increases Risk,607,4,1,0,0.0045553782320470635,6276.04,Low
YearsAtCompany,0.269,Increases Risk,607,5,1,0,0.0045553782320470635,6276.04,Low
YearsInCurrentRole,-0.691,Reduces Risk,607,1,1,0,0.0045553782320470635,6276.04,Low
WorkLifeBalance,-0.515,Reduces Risk,607,2,1,0,0.0045553782320470635,6276.04,Low
JobSatisfaction,-0.51,Reduces Risk,607,3,1,0,0.0045553782320470635,6276.04,Low
Travels Frequently,-0.49,Reduces Risk,607,4,1,0,0.0045553782320470635,6276.04,Low
Single,-0.475,Reduces Risk,607,5,1,0,0.0045553782320470635,6276.04,Low
JobRole_Sales Representative,1.949,Increases Risk,970,1,0,0,0.11727936553733029,53493.46,Medium
NumCompaniesWorked,1.106,Increases Risk,970,2,0,0,0.11727936553733029,53493.46,Medium
YearsInCurrentRole,0.73,Increases Risk,970,3,0,0,0.11727936553733029,53493.46,Medium
YearsWithCurrManager,0.503,Increases Risk,970,4,0,0,0.11727936553733029,53493.46,Medium
Sales Department,0.404,Increases Risk,970,5,0,0,0.11727936553733029,53493.46,Medium
JobInvolvement,-0.61,Reduces Risk,970,1,0,0,0.11727936553733029,53493.46,Medium
YearsAtCompany,-0.609,Reduces Risk,970,2,0,0,0.11727936553733029,53493.46,Medium
JobSatisfaction,-0.51,Reduces Risk,970,3,0,0,0.11727936553733029,53493.46,Medium
Travels Frequently,-0.49,Reduces Risk,970,4,0,0,0.11727936553733029,53493.46,Medium
Single,-0.475,Reduces Risk,970,5,0,0,0.11727936553733029,53493.46,Medium
YearsAtCompany,0.928,Increases Risk,736,1,0,0,0.012662504491930097,25069.48,Low
NumCompaniesWorked,0.903,Increases Risk,736,2,0,0,0.012662504491930097,25069.48,Low
Single,0.883,Increases Risk,736,3,0,0,0.012662504491930097,25069.48,Low
Travels Rarely,0.35,Increases Risk,736,4,0,0,0.012662504491930097,25069.48,Low
JobInvolvement,0.343,Increases Risk,736,5,0,0,0.012662504491930097,25069.48,Low
YearsInCurrentRole,-1.223,Reduces Risk,736,1,0,0,0.012662504491930097,25069.48,Low
TotalWorkingYears,-0.983,Reduces Risk,736,2,0,0,0.012662504491930097,25069.48,Low
YearsWithCurrManager,-0.547,Reduces Risk,736,3,0,0,0.012662504491930097,25069.48,Low
Travels Frequently,-0.49,Reduces Risk,736,4,0,0,0.012662504491930097,25069.48,Low
Overtime,-0.409,Reduces Risk,736,5,0,0,0.012662504491930097,25069.48,Low
Overtime,1.744,Increases Risk,807,1,0,0,0.08897370117630202,139973.43,High
Sales Executive,0.696,Increases Risk,807,2,0,0,0.08897370117630202,139973.43,High
Sales Department,0.404,Increases Risk,807,3,0,0,0.08897370117630202,139973.43,High
Travels Rarely,0.35,Increases Risk,807,4,0,0,0.08897370117630202,139973.43,High
JobInvolvement,0.343,Increases Risk,807,5,0,0,0.08897370117630202,139973.43,High
NumCompaniesWorked,-0.524,Reduces Risk,807,1,0,0,0.08897370117630202,139973.43,High
YearsInCurrentRole,-0.513,Reduces Risk,807,2,0,0,0.08897370117630202,139973.43,High
Travels Frequently,-0.49,Reduces Risk,807,3,0,0,0.08897370117630202,139973.43,High
Single,-0.475,Reduces Risk,807,4,0,0,0.08897370117630202,139973.43,High
YearsWithCurrManager,-0.416,Reduces Risk,807,5,0,0,0.08897370117630202,139973.43,High
YearsInCurrentRole,0.73,Increases Risk,365,1,0,0,0.0024129049742621866,2283.67,Low
Manufacturing Director,0.541,Increases Risk,365,2,0,0,0.0024129049742621866,2283.67,Low
YearsWithCurrManager,0.503,Increases Risk,365,3,0,0,0.0024129049742621866,2283.67,Low
Married,0.239,Increases Risk,365,4,0,0,0.0024129049742621866,2283.67,Low
Life Sciences,0.219,Increases Risk,365,5,0,0,0.0024129049742621866,2283.67,Low
Travels Rarely,-0.622,Reduces Risk,365,1,0,0,0.0024129049742621866,2283.67,Low
YearsAtCompany,-0.609,Reduces Risk,365,2,0,0,0.0024129049742621866,2283.67,Low
WorkLifeBalance,-0.515,Reduces Risk,365,3,0,0,0.0024129049742621866,2283.67,Low
Travels Frequently,-0.49,Reduces Risk,365,4,0,0,0.0024129049742621866,2283.67,Low
Single,-0.475,Reduces Risk,365,5,0,0,0.0024129049742621866,2283.67,Low
Travels Frequently,1.326,Increases Risk,1319,1,0,0,0.372145881481191,311352.13,High
NumCompaniesWorked,1.106,Increases Risk,1319,2,0,0,0.372145881481191,311352.13,High
Single,0.883,Increases Risk,1319,3,0,0,0.372145881481191,311352.13,High
YearsInCurrentRole,0.73,Increases Risk,1319,4,0,0,0.372145881481191,311352.13,High
Sales Executive,0.696,Increases Risk,1319,5,0,0,0.372145881481191,311352.13,High
YearsAtCompany,-0.719,Reduces Risk,1319,1,0,0,0.372145881481191,311352.13,High
Travels Rarely,-0.622,Reduces Risk,1319,2,0,0,0.372145881481191,311352.13,High
EnvironmentSatisfaction,-0.588,Reduces Risk,1319,3,0,0,0.372145881481191,311352.13,High
WorkLifeBalance,-0.515,Reduces Risk,1319,4,0,0,0.372145881481191,311352.13,High
JobSatisfaction,-0.51,Reduces Risk,1319,5,0,0,0.372145881481191,311352.13,High
Single,0.883,Increases Risk,78,1,0,0,0.018554843970112107,45636.01,Medium
EnvironmentSatisfaction,0.55,Increases Risk,78,2,0,0,0.018554843970112107,45636.01,Medium
YearsInCurrentRole,0.375,Increases Risk,78,3,0,0,0.018554843970112107,45636.01,Medium
Travels Rarely,0.35,Increases Risk,78,4,0,0,0.018554843970112107,45636.01,Medium
EstimatedMonthlySalary,0.326,Increases Risk,78,5,0,0,0.018554843970112107,45636.01,Medium
JobRole_Research Director,-1.125,Reduces Risk,78,1,0,0,0.018554843970112107,45636.01,Medium
WorkLifeBalance,-0.515,Reduces Risk,78,2,0,0,0.018554843970112107,45636.01,Medium
Travels Frequently,-0.49,Reduces Risk,78,3,0,0,0.018554843970112107,45636.01,Medium
Overtime,-0.409,Reduces Risk,78,4,0,0,0.018554843970112107,45636.01,Medium
Medical,-0.343,Reduces Risk,78,5,0,0,0.018554843970112107,45636.01,Medium
YearsAtCompany,1.916,Increases Risk,244,1,0,0,0.005811444546451676,20086.44,Low
YearsInCurrentRole,0.73,Increases Risk,244,2,0,0,0.005811444546451676,20086.44,Low
EstimatedMonthlySalary,0.553,Increases Risk,244,3,0,0,0.005811444546451676,20086.44,Low
Travels Rarely,0.35,Increases Risk,244,4,0,0,0.005811444546451676,20086.44,Low
Married,0.239,Increases Risk,244,5,0,0,0.005811444546451676,20086.44,Low
TotalWorkingYears,-0.865,Reduces Risk,244,1,0,0,0.005811444546451676,20086.44,Low
JobInvolvement,-0.61,Reduces Risk,244,2,0,0,0.005811444546451676,20086.44,Low
NumCompaniesWorked,-0.524,Reduces Risk,244,3,0,0,0.005811444546451676,20086.44,Low
Other Education,-0.519,Reduces Risk,244,4,0,0,0.005811444546451676,20086.44,Low
JobSatisfaction,-0.51,Reduces Risk,244,5,0,0,0.005811444546451676,20086.44,Low
Overtime,1.744,Increases Risk,1167,1,1,1,0.7031227654088205,688497.81,High
JobInvolvement,0.819,Increases Risk,1167,2,1,1,0.7031227654088205,688497.81,High
NumCompaniesWorked,0.699,Increases Risk,1167,3,1,1,0.7031227654088205,688497.81,High
Sales Executive,0.696,Increases Risk,1167,4,1,1,0.7031227654088205,688497.81,High
EnvironmentSatisfaction,0.55,Increases Risk,1167,5,1,1,0.7031227654088205,688497.81,High
JobSatisfaction,-0.51,Reduces Risk,1167,1,1,1,0.7031227654088205,688497.81,High
YearsAtCompany,-0.5,Reduces Risk,1167,2,1,1,0.7031227654088205,688497.81,High
Travels Frequently,-0.49,Reduces Risk,1167,3,1,1,0.7031227654088205,688497.81,High
Single,-0.475,Reduces Risk,1167,4,1,1,0.7031227654088205,688497.81,High
Medical,-0.343,Reduces Risk,1167,5,1,1,0.7031227654088205,688497.81,High
Laboratory Technician,1.794,Increases Risk,1142,1,0,1,0.7309962593451796,759081.14,High
Overtime,1.744,Increases Risk,1142,2,0,1,0.7309962593451796,759081.14,High
Single,0.883,Increases Risk,1142,3,0,1,0.7309962593451796,759081.14,High
JobInvolvement,0.819,Increases Risk,1142,4,0,1,0.7309962593451796,759081.14,High
JobSatisfaction,0.676,Increases Risk,1142,5,0,1,0.7309962593451796,759081.14,High
YearsInCurrentRole,-0.513,Reduces Risk,1142,1,0,1,0.7309962593451796,759081.14,High
Travels Frequently,-0.49,Reduces Risk,1142,2,0,1,0.7309962593451796,759081.14,High
Medical,-0.343,Reduces Risk,1142,3,0,1,0.7309962593451796,759081.14,High
NumCompaniesWorked,-0.32,Reduces Risk,1142,4,0,1,0.7309962593451796,759081.14,High
Male,-0.296,Reduces Risk,1142,5,0,1,0.7309962593451796,759081.14,High
Sales Executive,0.696,Increases Risk,679,1,0,0,0.008625985501177994,10763.16,Low
YearsWithCurrManager,0.503,Increases Risk,679,2,0,0,0.008625985501177994,10763.16,Low
DistanceFromHome,0.452,Increases Risk,679,3,0,0,0.008625985501177994,10763.16,Low
Sales Department,0.404,Increases Risk,679,4,0,0,0.008625985501177994,10763.16,Low
YearsAtCompany,0.269,Increases Risk,679,5,0,0,0.008625985501177994,10763.16,Low
YearsInCurrentRole,-0.691,Reduces Risk,679,1,0,0,0.008625985501177994,10763.16,Low
Travels Rarely,-0.622,Reduces Risk,679,2,0,0,0.008625985501177994,10763.16,Low
EnvironmentSatisfaction,-0.588,Reduces Risk,679,3,0,0,0.008625985501177994,10763.16,Low
Travels Frequently,-0.49,Reduces Risk,679,4,0,0,0.008625985501177994,10763.16,Low
Single,-0.475,Reduces Risk,679,5,0,0,0.008625985501177994,10763.16,Low
JobSatisfaction,0.676,Increases Risk,782,1,0,0,0.07502809539687907,134469.85,Medium
Manufacturing Director,0.541,Increases Risk,782,2,0,0,0.07502809539687907,134469.85,Medium
DistanceFromHome,0.452,Increases Risk,782,3,0,0,0.07502809539687907,134469.85,Medium
YearsInCurrentRole,0.375,Increases Risk,782,4,0,0,0.07502809539687907,134469.85,Medium
Travels Rarely,0.35,Increases Risk,782,5,0,0,0.07502809539687907,134469.85,Medium
NumCompaniesWorked,-0.524,Reduces Risk,782,1,0,0,0.07502809539687907,134469.85,Medium
Other Education,-0.519,Reduces Risk,782,2,0,0,0.07502809539687907,134469.85,Medium
Travels Frequently,-0.49,Reduces Risk,782,3,0,0,0.07502809539687907,134469.85,Medium
Single,-0.475,Reduces Risk,782,4,0,0,0.07502809539687907,134469.85,Medium
Overtime,-0.409,Reduces Risk,782,5,0,0,0.07502809539687907,134469.85,Medium
Laboratory Technician,1.794,Increases Risk,416,1,0,0,0.22404239314746577,68637.63,Medium
Overtime,1.744,Increases Risk,416,2,0,0,0.22404239314746577,68637.63,Medium
Travels Frequently,1.326,Increases Risk,416,3,0,0,0.22404239314746577,68637.63,Medium
YearsInCurrentRole,0.73,Increases Risk,416,4,0,0,0.22404239314746577,68637.63,Medium
TotalWorkingYears,0.557,Increases Risk,416,5,0,0,0.22404239314746577,68637.63,Medium
Travels Rarely,-0.622,Reduces Risk,416,1,0,0,0.22404239314746577,68637.63,Medium
YearsAtCompany,-0.609,Reduces Risk,416,2,0,0,0.22404239314746577,68637.63,Medium
EnvironmentSatisfaction,-0.588,Reduces Risk,416,3,0,0,0.22404239314746577,68637.63,Medium
JobSatisfaction,-0.51,Reduces Risk,416,4,0,0,0.22404239314746577,68637.63,Medium
Single,-0.475,Reduces Risk,416,5,0,0,0.22404239314746577,68637.63,Medium
Single,0.883,Increases Risk,141,1,0,0,0.10920710146396799,67856.92,Medium
DistanceFromHome,0.826,Increases Risk,141,2,0,0,0.10920710146396799,67856.92,Medium
Research Scientist,0.75,Increases Risk,141,3,0,0,0.10920710146396799,67856.92,Medium
NumCompaniesWorked,0.495,Increases Risk,141,4,0,0,0.10920710146396799,67856.92,Medium
Travels Rarely,0.35,Increases Risk,141,5,0,0,0.10920710146396799,67856.92,Medium
JobSatisfaction,-0.51,Reduces Risk,141,1,0,0,0.10920710146396799,67856.92,Medium
Travels Frequently,-0.49,Reduces Risk,141,2,0,0,0.10920710146396799,67856.92,Medium
Overtime,-0.409,Reduces Risk,141,3,0,0,0.10920710146396799,67856.92,Medium
Medical,-0.343,Reduces Risk,141,4,0,0,0.10920710146396799,67856.92,Medium
YearsSinceLastPromotion,-0.313,Reduces Risk,141,5,0,0,0.10920710146396799,67856.92,Medium
Travels Frequently,1.326,Increases Risk,70,1,0,0,0.19732682274655708,194394.55,High
NumCompaniesWorked,0.903,Increases Risk,70,2,0,0,0.19732682274655708,194394.55,High
Single,0.883,Increases Risk,70,3,0,0,0.19732682274655708,194394.55,High
Sales Executive,0.696,Increases Risk,70,4,0,0,0.19732682274655708,194394.55,High
EnvironmentSatisfaction,0.55,Increases Risk,70,5,0,0,0.19732682274655708,194394.55,High
Travels Rarely,-0.622,Reduces Risk,70,1,0,0,0.19732682274655708,194394.55,High
Age,-0.619,Reduces Risk,70,2,0,0,0.19732682274655708,194394.55,High
TotalWorkingYears,-0.568,Reduces Risk,70,3,0,0,0.19732682274655708,194394.55,High
Overtime,-0.409,Reduces Risk,70,4,0,0,0.19732682274655708,194394.55,High
Life Sciences,-0.373,Reduces Risk,70,5,0,0,0.19732682274655708,194394.55,High
YearsSinceLastPromotion,0.972,Increases Risk,15,1,0,0,0.014892952754515925,26753.7,Low
JobSatisfaction,0.676,Increases Risk,15,2,0,0,0.014892952754515925,26753.7,Low
Manufacturing Director,0.541,Increases Risk,15,3,0,0,0.014892952754515925,26753.7,Low
DistanceFromHome,0.493,Increases Risk,15,4,0,0,0.014892952754515925,26753.7,Low
YearsAtCompany,0.379,Increases Risk,15,5,0,0,0.014892952754515925,26753.7,Low
YearsInCurrentRole,-0.868,Reduces Risk,15,1,0,0,0.014892952754515925,26753.7,Low
JobInvolvement,-0.61,Reduces Risk,15,2,0,0,0.014892952754515925,26753.7,Low
YearsWithCurrManager,-0.547,Reduces Risk,15,3,0,0,0.014892952754515925,26753.7,Low
Travels Frequently,-0.49,Reduces Risk,15,4,0,0,0.014892952754515925,26753.7,Low
Single,-0.475,Reduces Risk,15,5,0,0,0.014892952754515925,26753.7,Low
Single,0.883,Increases Risk,1195,1,0,0,0.010991634494774668,30427.26,Medium
YearsWithCurrManager,0.503,Increases Risk,1195,2,0,0,0.010991634494774668,30427.26,Medium
EstimatedMonthlySalary,0.396,Increases Risk,1195,3,0,0,0.010991634494774668,30427.26,Medium
Travels Rarely,0.35,Increases Risk,1195,4,0,0,0.010991634494774668,30427.26,Medium
NumCompaniesWorked,0.291,Increases Risk,1195,5,0,0,0.010991634494774668,30427.26,Medium
TotalWorkingYears,-0.746,Reduces Risk,1195,1,0,0,0.010991634494774668,30427.26,Medium
YearsInCurrentRole,-0.513,Reduces Risk,1195,2,0,0,0.010991634494774668,30427.26,Medium
Travels Frequently,-0.49,Reduces Risk,1195,3,0,0,0.010991634494774668,30427.26,Medium
Overtime,-0.409,Reduces Risk,1195,4,0,0,0.010991634494774668,30427.26,Medium
Life Sciences,-0.373,Reduces Risk,1195,5,0,0,0.010991634494774668,30427.26,Medium
Laboratory Technician,1.794,Increases Risk,1066,1,0,0,0.22194490222270197,153328.42,High
NumCompaniesWorked,1.106,Increases Risk,1066,2,0,0,0.22194490222270197,153328.42,High
EnvironmentSatisfaction,0.55,Increases Risk,1066,3,0,0,0.22194490222270197,153328.42,High
Travels Rarely,0.35,Increases Risk,1066,4,0,0,0.22194490222270197,153328.42,High
JobInvolvement,0.343,Increases Risk,1066,5,0,0,0.22194490222270197,153328.42,High
Travels Frequently,-0.49,Reduces Risk,1066,1,0,0,0.22194490222270197,153328.42,High
Single,-0.475,Reduces Risk,1066,2,0,0,0.22194490222270197,153328.42,High
Overtime,-0.409,Reduces Risk,1066,3,0,0,0.22194490222270197,153328.42,High
TrainingTimesLastYear,-0.363,Reduces Risk,1066,4,0,0,0.22194490222270197,153328.42,High
Medical,-0.343,Reduces Risk,1066,5,0,0,0.22194490222270197,153328.42,High
Research Scientist,0.75,Increases Risk,1023,1,0,0,0.01287885228881035,4789.39,Low
JobSatisfaction,0.676,Increases Risk,1023,2,0,0,0.01287885228881035,4789.39,Low
EnvironmentSatisfaction,0.55,Increases Risk,1023,3,0,0,0.01287885228881035,4789.39,Low
YearsWithCurrManager,0.503,Increases Risk,1023,4,0,0,0.01287885228881035,4789.39,Low
YearsInCurrentRole,0.375,Increases Risk,1023,5,0,0,0.01287885228881035,4789.39,Low
Age,-0.539,Reduces Risk,1023,1,0,0,0.01287885228881035,4789.39,Low
WorkLifeBalance,-0.515,Reduces Risk,1023,2,0,0,0.01287885228881035,4789.39,Low
Travels Frequently,-0.49,Reduces Risk,1023,3,0,0,0.01287885228881035,4789.39,Low
Single,-0.475,Reduces Risk,1023,4,0,0,0.01287885228881035,4789.39,Low
Overtime,-0.409,Reduces Risk,1023,5,0,0,0.01287885228881035,4789.39,Low
TrainingTimesLastYear,0.434,Increases Risk,958,1,0,0,0.0010468333505649385,1601.66,Low
Travels Rarely,0.35,Increases Risk,958,2,0,0,0.0010468333505649385,1601.66,Low
YearsAtCompany,0.269,Increases Risk,958,3,0,0,0.0010468333505649385,1601.66,Low
WorkLifeBalance,0.221,Increases Risk,958,4,0,0,0.0010468333505649385,1601.66,Low
Medical,0.21,Increases Risk,958,5,0,0,0.0010468333505649385,1601.66,Low
EnvironmentSatisfaction,-0.588,Reduces Risk,958,1,0,0,0.0010468333505649385,1601.66,Low
NumCompaniesWorked,-0.524,Reduces Risk,958,2,0,0,0.0010468333505649385,1601.66,Low
YearsInCurrentRole,-0.513,Reduces Risk,958,3,0,0,0.0010468333505649385,1601.66,Low
JobSatisfaction,-0.51,Reduces Risk,958,4,0,0,0.0010468333505649385,1601.66,Low
Travels Frequently,-0.49,Reduces Risk,958,5,0,0,0.0010468333505649385,1601.66,Low
Laboratory Technician,1.794,Increases Risk,930,1,0,0,0.3442070912510964,175834.75,High
Travels Frequently,1.326,Increases Risk,930,2,0,0,0.3442070912510964,175834.75,High
Single,0.883,Increases Risk,930,3,0,0,0.3442070912510964,175834.75,High
YearsSinceLastPromotion,0.812,Increases Risk,930,4,0,0,0.3442070912510964,175834.75,High
YearsInCurrentRole,0.73,Increases Risk,930,5,0,0,0.3442070912510964,175834.75,High
Travels Rarely,-0.622,Reduces Risk,930,1,0,0,0.3442070912510964,175834.75,High
NumCompaniesWorked,-0.524,Reduces Risk,930,2,0,0,0.3442070912510964,175834.75,High
TrainingTimesLastYear,-0.523,Reduces Risk,930,3,0,0,0.3442070912510964,175834.75,High
YearsWithCurrManager,-0.416,Reduces Risk,930,4,0,0,0.3442070912510964,175834.75,High
Overtime,-0.409,Reduces Risk,930,5,0,0,0.3442070912510964,175834.75,High
Overtime,1.744,Increases Risk,1268,1,0,0,0.017103654672072942,39914.8,Medium
EnvironmentSatisfaction,0.55,Increases Risk,1268,2,0,0,0.017103654672072942,39914.8,Medium
Manufacturing Director,0.541,Increases Risk,1268,3,0,0,0.017103654672072942,39914.8,Medium
YearsInCurrentRole,0.375,Increases Risk,1268,4,0,0,0.017103654672072942,39914.8,Medium
JobInvolvement,0.343,Increases Risk,1268,5,0,0,0.017103654672072942,39914.8,Medium
TotalWorkingYears,-0.983,Reduces Risk,1268,1,0,0,0.017103654672072942,39914.8,Medium
Travels Rarely,-0.622,Reduces Risk,1268,2,0,0,0.017103654672072942,39914.8,Medium
Travels Frequently,-0.49,Reduces Risk,1268,3,0,0,0.017103654672072942,39914.8,Medium
Single,-0.475,Reduces Risk,1268,4,0,0,0.017103654672072942,39914.8,Medium
Age,-0.459,Reduces Risk,1268,5,0,0,0.017103654672072942,39914.8,Medium
Overtime,1.744,Increases Risk,578,1,0,1,0.5575374176421372,600133.28,High
Travels Frequently,1.326,Increases Risk,578,2,0,1,0.5575374176421372,600133.28,High
YearsAtCompany,0.928,Increases Risk,578,3,0,1,0.5575374176421372,600133.28,High
Single,0.883,Increases Risk,578,4,0,1,0.5575374176421372,600133.28,High
NumCompaniesWorked,0.699,Increases Risk,578,5,0,1,0.5575374176421372,600133.28,High
YearsWithCurrManager,-1.073,Reduces Risk,578,1,0,1,0.5575374176421372,600133.28,High
Travels Rarely,-0.622,Reduces Risk,578,2,0,1,0.5575374176421372,600133.28,High
JobInvolvement,-0.61,Reduces Risk,578,3,0,1,0.5575374176421372,600133.28,High
YearsInCurrentRole,-0.513,Reduces Risk,578,4,0,1,0.5575374176421372,600133.28,High
TotalWorkingYears,-0.391,Reduces Risk,578,5,0,1,0.5575374176421372,600133.28,High
Human Resources,1.787,Increases Risk,422,1,1,1,0.5214599024777812,240664.17,High
Single,0.883,Increases Risk,422,2,1,1,0.5214599024777812,240664.17,High
YearsInCurrentRole,0.73,Increases Risk,422,3,1,1,0.5214599024777812,240664.17,High
TotalWorkingYears,0.557,Increases Risk,422,4,1,1,0.5214599024777812,240664.17,High
EnvironmentSatisfaction,0.55,Increases Risk,422,5,1,1,0.5214599024777812,240664.17,High
YearsAtCompany,-0.609,Reduces Risk,422,1,1,1,0.5214599024777812,240664.17,High
WorkLifeBalance,-0.515,Reduces Risk,422,2,1,1,0.5214599024777812,240664.17,High
JobSatisfaction,-0.51,Reduces Risk,422,3,1,1,0.5214599024777812,240664.17,High
Travels Frequently,-0.49,Reduces Risk,422,4,1,1,0.5214599024777812,240664.17,High
Overtime,-0.409,Reduces Risk,422,5,1,1,0.5214599024777812,240664.17,High
Single,0.883,Increases Risk,885,1,0,0,0.0594558788496751,52975.19,Medium
Sales Executive,0.696,Increases Risk,885,2,0,0,0.0594558788496751,52975.19,Medium
Sales Department,0.404,Increases Risk,885,3,0,0,0.0594558788496751,52975.19,Medium
YearsWithCurrManager,0.372,Increases Risk,885,4,0,0,0.0594558788496751,52975.19,Medium
Travels Rarely,0.35,Increases Risk,885,5,0,0,0.0594558788496751,52975.19,Medium
NumCompaniesWorked,-0.524,Reduces Risk,885,1,0,0,0.0594558788496751,52975.19,Medium
JobSatisfaction,-0.51,Reduces Risk,885,2,0,0,0.0594558788496751,52975.19,Medium
Travels Frequently,-0.49,Reduces Risk,885,3,0,0,0.0594558788496751,52975.19,Medium
Overtime,-0.409,Reduces Risk,885,4,0,0,0.0594558788496751,52975.19,Medium
Life Sciences,-0.373,Reduces Risk,885,5,0,0,0.0594558788496751,52975.19,Medium
YearsSinceLastPromotion,1.454,Increases Risk,813,1,1,0,0.054062646127951856,118419.9,Medium
Travels Frequently,1.326,Increases Risk,813,2,1,0,0.054062646127951856,118419.9,Medium
YearsAtCompany,1.257,Increases Risk,813,3,1,0,0.054062646127951856,118419.9,Medium
NumCompaniesWorked,0.903,Increases Risk,813,4,1,0,0.054062646127951856,118419.9,Medium
EnvironmentSatisfaction,0.55,Increases Risk,813,5,1,0,0.054062646127951856,118419.9,Medium
TotalWorkingYears,-0.628,Reduces Risk,813,1,1,0,0.054062646127951856,118419.9,Medium
Travels Rarely,-0.622,Reduces Risk,813,2,1,0,0.054062646127951856,118419.9,Medium
YearsInCurrentRole,-0.513,Reduces Risk,813,3,1,0,0.054062646127951856,118419.9,Medium
JobSatisfaction,-0.51,Reduces Risk,813,4,1,0,0.054062646127951856,118419.9,Medium
Single,-0.475,Reduces Risk,813,5,1,0,0.054062646127951856,118419.9,Medium
YearsAtCompany,1.477,Increases Risk,526,1,0,0,0.07331512982310152,60084.68,Medium
YearsSinceLastPromotion,1.454,Increases Risk,526,2,0,0,0.07331512982310152,60084.68,Medium
Single,0.883,Increases Risk,526,3,0,0,0.07331512982310152,60084.68,Medium
Technical Degree,0.428,Increases Risk,526,4,0,0,0.07331512982310152,60084.68,Medium
Travels Rarely,0.35,Increases Risk,526,5,0,0,0.07331512982310152,60084.68,Medium
YearsWithCurrManager,-0.81,Reduces Risk,526,1,0,0,0.07331512982310152,60084.68,Medium
EnvironmentSatisfaction,-0.588,Reduces Risk,526,2,0,0,0.07331512982310152,60084.68,Medium
TotalWorkingYears,-0.568,Reduces Risk,526,3,0,0,0.07331512982310152,60084.68,Medium
YearsInCurrentRole,-0.513,Reduces Risk,526,4,0,0,0.07331512982310152,60084.68,Medium
Travels Frequently,-0.49,Reduces Risk,526,5,0,0,0.07331512982310152,60084.68,Medium
YearsSinceLastPromotion,0.812,Increases Risk,303,1,0,0,0.12493209978263616,155817.81,High
Sales Executive,0.696,Increases Risk,303,2,0,0,0.12493209978263616,155817.81,High
Technical Degree,0.428,Increases Risk,303,3,0,0,0.12493209978263616,155817.81,High
Sales Department,0.404,Increases Risk,303,4,0,0,0.12493209978263616,155817.81,High
Travels Rarely,0.35,Increases Risk,303,5,0,0,0.12493209978263616,155817.81,High
JobInvolvement,-0.61,Reduces Risk,303,1,0,0,0.12493209978263616,155817.81,High
YearsInCurrentRole,-0.513,Reduces Risk,303,2,0,0,0.12493209978263616,155817.81,High
JobSatisfaction,-0.51,Reduces Risk,303,3,0,0,0.12493209978263616,155817.81,High
Travels Frequently,-0.49,Reduces Risk,303,4,0,0,0.12493209978263616,155817.81,High
Single,-0.475,Reduces Risk,303,5,0,0,0.12493209978263616,155817.81,High
Laboratory Technician,1.794,Increases Risk,1318,1,0,0,0.023870182601145873,16378.76,Low
Travels Frequently,1.326,Increases Risk,1318,2,0,0,0.023870182601145873,16378.76,Low
YearsAtCompany,0.489,Increases Risk,1318,3,0,0,0.023870182601145873,16378.76,Low
DistanceFromHome,0.452,Increases Risk,1318,4,0,0,0.023870182601145873,16378.76,Low
Married,0.239,Increases Risk,1318,5,0,0,0.023870182601145873,16378.76,Low
YearsWithCurrManager,-0.81,Reduces Risk,1318,1,0,0,0.023870182601145873,16378.76,Low
YearsInCurrentRole,-0.691,Reduces Risk,1318,2,0,0,0.023870182601145873,16378.76,Low
Travels Rarely,-0.622,Reduces Risk,1318,3,0,0,0.023870182601145873,16378.76,Low
EnvironmentSatisfaction,-0.588,Reduces Risk,1318,4,0,0,0.023870182601145873,16378.76,Low
WorkLifeBalance,-0.515,Reduces Risk,1318,5,0,0,0.023870182601145873,16378.76,Low
Single,0.883,Increases Risk,1311,1,0,0,0.0639934778849983,17439.5,Low
Research Scientist,0.75,Increases Risk,1311,2,0,0,0.0639934778849983,17439.5,Low
YearsInCurrentRole,0.73,Increases Risk,1311,3,0,0,0.0639934778849983,17439.5,Low
TotalWorkingYears,0.616,Increases Risk,1311,4,0,0,0.0639934778849983,17439.5,Low
WorkLifeBalance,0.589,Increases Risk,1311,5,0,0,0.0639934778849983,17439.5,Low
YearsAtCompany,-0.719,Reduces Risk,1311,1,0,0,0.0639934778849983,17439.5,Low
Travels Rarely,-0.622,Reduces Risk,1311,2,0,0,0.0639934778849983,17439.5,Low
Travels Frequently,-0.49,Reduces Risk,1311,3,0,0,0.0639934778849983,17439.5,Low
Overtime,-0.409,Reduces Risk,1311,4,0,0,0.0639934778849983,17439.5,Low
Medical,-0.343,Reduces Risk,1311,5,0,0,0.0639934778849983,17439.5,Low
YearsSinceLastPromotion,1.776,Increases Risk,427,1,0,0,0.07992390786295958,147689.79,High
Travels Frequently,1.326,Increases Risk,427,2,0,0,0.07992390786295958,147689.79,High
YearsAtCompany,1.257,Increases Risk,427,3,0,0,0.07992390786295958,147689.79,High
DistanceFromHome,0.784,Increases Risk,427,4,0,0,0.07992390786295958,147689.79,High
Sales Executive,0.696,Increases Risk,427,5,0,0,0.07992390786295958,147689.79,High
YearsInCurrentRole,-1.578,Reduces Risk,427,1,0,0,0.07992390786295958,147689.79,High
YearsWithCurrManager,-0.941,Reduces Risk,427,2,0,0,0.07992390786295958,147689.79,High
TotalWorkingYears,-0.687,Reduces Risk,427,3,0,0,0.07992390786295958,147689.79,High
Age,-0.645,Reduces Risk,427,4,0,0,0.07992390786295958,147689.79,High
Travels Rarely,-0.622,Reduces Risk,427,5,0,0,0.07992390786295958,147689.79,High
Travels Frequently,1.326,Increases Risk,792,1,1,0,0.18237039224725055,147982.63,High
Single,0.883,Increases Risk,792,2,1,0,0.18237039224725055,147982.63,High
DistanceFromHome,0.826,Increases Risk,792,3,1,0,0.18237039224725055,147982.63,High
Research Scientist,0.75,Increases Risk,792,4,1,0,0.18237039224725055,147982.63,High
YearsAtCompany,0.708,Increases Risk,792,5,1,0,0.18237039224725055,147982.63,High
Travels Rarely,-0.622,Reduces Risk,792,1,1,0,0.18237039224725055,147982.63,High
YearsWithCurrManager,-0.547,Reduces Risk,792,2,1,0,0.18237039224725055,147982.63,High
YearsInCurrentRole,-0.513,Reduces Risk,792,3,1,0,0.18237039224725055,147982.63,High
Overtime,-0.409,Reduces Risk,792,4,1,0,0.18237039224725055,147982.63,High
Medical,-0.343,Reduces Risk,792,5,1,0,0.18237039224725055,147982.63,High
Laboratory Technician,1.794,Increases Risk,843,1,0,0,0.013353362719076327,10623.94,Low
EnvironmentSatisfaction,0.55,Increases Risk,843,2,0,0,0.013353362719076327,10623.94,Low
Travels Rarely,0.35,Increases Risk,843,3,0,0,0.013353362719076327,10623.94,Low
Age,0.258,Increases Risk,843,4,0,0,0.013353362719076327,10623.94,Low
Married,0.239,Increases Risk,843,5,0,0,0.013353362719076327,10623.94,Low
JobInvolvement,-0.61,Reduces Risk,843,1,0,0,0.013353362719076327,10623.94,Low
YearsInCurrentRole,-0.513,Reduces Risk,843,2,0,0,0.013353362719076327,10623.94,Low
JobSatisfaction,-0.51,Reduces Risk,843,3,0,0,0.013353362719076327,10623.94,Low
Travels Frequently,-0.49,Reduces Risk,843,4,0,0,0.013353362719076327,10623.94,Low
Single,-0.475,Reduces Risk,843,5,0,0,0.013353362719076327,10623.94,Low
Laboratory Technician,1.794,Increases Risk,979,1,0,0,0.3134207494011444,306281.02,High
DistanceFromHome,0.826,Increases Risk,979,2,0,0,0.3134207494011444,306281.02,High
YearsSinceLastPromotion,0.812,Increases Risk,979,3,0,0,0.3134207494011444,306281.02,High
Travels Rarely,0.35,Increases Risk,979,4,0,0,0.3134207494011444,306281.02,High
NumCompaniesWorked,0.291,Increases Risk,979,5,0,0,0.3134207494011444,306281.02,High
YearsInCurrentRole,-0.513,Reduces Risk,979,1,0,0,0.3134207494011444,306281.02,High
Travels Frequently,-0.49,Reduces Risk,979,2,0,0,0.3134207494011444,306281.02,High
Single,-0.475,Reduces Risk,979,3,0,0,0.3134207494011444,306281.02,High
YearsWithCurrManager,-0.416,Reduces Risk,979,4,0,0,0.3134207494011444,306281.02,High
Overtime,-0.409,Reduces Risk,979,5,0,0,0.3134207494011444,306281.02,High
Single,0.883,Increases Risk,274,1,0,0,0.06587380712240094,38299.03,Medium
Research Scientist,0.75,Increases Risk,274,2,0,0,0.06587380712240094,38299.03,Medium
YearsWithCurrManager,0.503,Increases Risk,274,3,0,0,0.06587380712240094,38299.03,Medium
TotalWorkingYears,0.438,Increases Risk,274,4,0,0,0.06587380712240094,38299.03,Medium
Age,0.39,Increases Risk,274,5,0,0,0.06587380712240094,38299.03,Medium
EnvironmentSatisfaction,-0.588,Reduces Risk,274,1,0,0,0.06587380712240094,38299.03,Medium
WorkLifeBalance,-0.515,Reduces Risk,274,2,0,0,0.06587380712240094,38299.03,Medium
Travels Frequently,-0.49,Reduces Risk,274,3,0,0,0.06587380712240094,38299.03,Medium
Overtime,-0.409,Reduces Risk,274,4,0,0,0.06587380712240094,38299.03,Medium
YearsAtCompany,-0.39,Reduces Risk,274,5,0,0,0.06587380712240094,38299.03,Medium
Travels Frequently,1.326,Increases Risk,439,1,1,0,0.1536288240484596,271664.92,High
YearsInCurrentRole,0.73,Increases Risk,439,2,1,0,0.1536288240484596,271664.92,High
EnvironmentSatisfaction,0.55,Increases Risk,439,3,1,0,0.1536288240484596,271664.92,High
YearsWithCurrManager,0.503,Increases Risk,439,4,1,0,0.1536288240484596,271664.92,High
DistanceFromHome,0.452,Increases Risk,439,5,1,0,0.1536288240484596,271664.92,High
Travels Rarely,-0.622,Reduces Risk,439,1,1,0,0.1536288240484596,271664.92,High
YearsAtCompany,-0.609,Reduces Risk,439,2,1,0,0.1536288240484596,271664.92,High
Single,-0.475,Reduces Risk,439,3,1,0,0.1536288240484596,271664.92,High
Overtime,-0.409,Reduces Risk,439,4,1,0,0.1536288240484596,271664.92,High
Life Sciences,-0.373,Reduces Risk,439,5,1,0,0.1536288240484596,271664.92,High
Human Resources,1.787,Increases Risk,350,1,0,0,0.2563146151187883,124384.36,Medium
Overtime,1.744,Increases Risk,350,2,0,0,0.2563146151187883,124384.36,Medium
YearsWithCurrManager,0.503,Increases Risk,350,3,0,0,0.2563146151187883,124384.36,Medium
Technical Degree,0.428,Increases Risk,350,4,0,0,0.2563146151187883,124384.36,Medium
TotalWorkingYears,0.379,Increases Risk,350,5,0,0,0.2563146151187883,124384.36,Medium
NumCompaniesWorked,-0.524,Reduces Risk,350,1,0,0,0.2563146151187883,124384.36,Medium
Travels Frequently,-0.49,Reduces Risk,350,2,0,0,0.2563146151187883,124384.36,Medium
Single,-0.475,Reduces Risk,350,3,0,0,0.2563146151187883,124384.36,Medium
YearsAtCompany,-0.39,Reduces Risk,350,4,0,0,0.2563146151187883,124384.36,Medium
TrainingTimesLastYear,-0.363,Reduces Risk,350,5,0,0,0.2563146151187883,124384.36,Medium
Overtime,1.744,Increases Risk,721,1,0,0,0.015544100531516891,39095.59,Medium
DistanceFromHome,0.618,Increases Risk,721,2,0,0,0.015544100531516891,39095.59,Medium
YearsAtCompany,0.598,Increases Risk,721,3,0,0,0.015544100531516891,39095.59,Medium
Manufacturing Director,0.541,Increases Risk,721,4,0,0,0.015544100531516891,39095.59,Medium
Travels Rarely,0.35,Increases Risk,721,5,0,0,0.015544100531516891,39095.59,Medium
YearsInCurrentRole,-1.223,Reduces Risk,721,1,0,0,0.015544100531516891,39095.59,Medium
TotalWorkingYears,-0.687,Reduces Risk,721,2,0,0,0.015544100531516891,39095.59,Medium
EnvironmentSatisfaction,-0.588,Reduces Risk,721,3,0,0,0.015544100531516891,39095.59,Medium
Travels Frequently,-0.49,Reduces Risk,721,4,0,0,0.015544100531516891,39095.59,Medium
Single,-0.475,Reduces Risk,721,5,0,0,0.015544100531516891,39095.59,Medium
Laboratory Technician,1.794,Increases Risk,921,1,0,1,0.702759830885084,272474.04,High
Overtime,1.744,Increases Risk,921,2,0,1,0.702759830885084,272474.04,High
Travels Frequently,1.326,Increases Risk,921,3,0,1,0.702759830885084,272474.04,High
Single,0.883,Increases Risk,921,4,0,1,0.702759830885084,272474.04,High
YearsInCurrentRole,0.375,Increases Risk,921,5,0,1,0.702759830885084,272474.04,High
Travels Rarely,-0.622,Reduces Risk,921,1,0,1,0.702759830885084,272474.04,High
EnvironmentSatisfaction,-0.588,Reduces Risk,921,2,0,1,0.702759830885084,272474.04,High
NumCompaniesWorked,-0.524,Reduces Risk,921,3,0,1,0.702759830885084,272474.04,High
Medical,-0.343,Reduces Risk,921,4,0,1,0.702759830885084,272474.04,High
DistanceFromHome,-0.339,Reduces Risk,921,5,0,1,0.702759830885084,272474.04,High
Overtime,1.744,Increases Risk,451,1,0,0,0.06580691735652414,87725.89,Medium
JobSatisfaction,0.676,Increases Risk,451,2,0,0,0.06580691735652414,87725.89,Medium
DistanceFromHome,0.618,Increases Risk,451,3,0,0,0.06580691735652414,87725.89,Medium
Manufacturing Director,0.541,Increases Risk,451,4,0,0,0.06580691735652414,87725.89,Medium
YearsSinceLastPromotion,0.49,Increases Risk,451,5,0,0,0.06580691735652414,87725.89,Medium
YearsInCurrentRole,-0.868,Reduces Risk,451,1,0,0,0.06580691735652414,87725.89,Medium
EnvironmentSatisfaction,-0.588,Reduces Risk,451,2,0,0,0.06580691735652414,87725.89,Medium
YearsWithCurrManager,-0.547,Reduces Risk,451,3,0,0,0.06580691735652414,87725.89,Medium
Travels Frequently,-0.49,Reduces Risk,451,4,0,0,0.06580691735652414,87725.89,Medium
Single,-0.475,Reduces Risk,451,5,0,0,0.06580691735652414,87725.89,Medium
Manufacturing Director,0.541,Increases Risk,1182,1,0,0,0.001314338461284654,1034.8,Low
TotalWorkingYears,0.379,Increases Risk,1182,2,0,0,0.001314338461284654,1034.8,Low
YearsInCurrentRole,0.375,Increases Risk,1182,3,0,0,0.001314338461284654,1034.8,Low
JobInvolvement,0.343,Increases Risk,1182,4,0,0,0.001314338461284654,1034.8,Low
YearsWithCurrManager,0.24,Increases Risk,1182,5,0,0,0.001314338461284654,1034.8,Low
Travels Rarely,-0.622,Reduces Risk,1182,1,0,0,0.001314338461284654,1034.8,Low
EnvironmentSatisfaction,-0.588,Reduces Risk,1182,2,0,0,0.001314338461284654,1034.8,Low
NumCompaniesWorked,-0.524,Reduces Risk,1182,3,0,0,0.001314338461284654,1034.8,Low
TrainingTimesLastYear,-0.523,Reduces Risk,1182,4,0,0,0.001314338461284654,1034.8,Low
Travels Frequently,-0.49,Reduces Risk,1182,5,0,0,0.001314338461284654,1034.8,Low
Travels Frequently,1.326,Increases Risk,43,1,0,0,0.04447448107848236,69855.18,Medium
Single,0.883,Increases Risk,43,2,0,0,0.04447448107848236,69855.18,Medium
Sales Executive,0.696,Increases Risk,43,3,0,0,0.04447448107848236,69855.18,Medium
TrainingTimesLastYear,0.434,Increases Risk,43,4,0,0,0.04447448107848236,69855.18,Medium
Sales Department,0.404,Increases Risk,43,5,0,0,0.04447448107848236,69855.18,Medium
YearsInCurrentRole,-0.691,Reduces Risk,43,1,0,0,0.04447448107848236,69855.18,Medium
Travels Rarely,-0.622,Reduces Risk,43,2,0,0,0.04447448107848236,69855.18,Medium
EnvironmentSatisfaction,-0.588,Reduces Risk,43,3,0,0,0.04447448107848236,69855.18,Medium
YearsWithCurrManager,-0.416,Reduces Risk,43,4,0,0,0.04447448107848236,69855.18,Medium
Overtime,-0.409,Reduces Risk,43,5,0,0,0.04447448107848236,69855.18,Medium
Overtime,1.744,Increases Risk,1181,1,0,0,0.0025236893402826115,6344.25,Low
YearsAtCompany,0.928,Increases Risk,1181,2,0,0,0.0025236893402826115,6344.25,Low
Travels Rarely,0.35,Increases Risk,1181,3,0,0,0.0025236893402826115,6344.25,Low
JobInvolvement,0.343,Increases Risk,1181,4,0,0,0.0025236893402826115,6344.25,Low
EstimatedMonthlySalary,0.338,Increases Risk,1181,5,0,0,0.0025236893402826115,6344.25,Low
YearsInCurrentRole,-1.223,Reduces Risk,1181,1,0,0,0.0025236893402826115,6344.25,Low
TotalWorkingYears,-1.161,Reduces Risk,1181,2,0,0,0.0025236893402826115,6344.25,Low
YearsWithCurrManager,-1.073,Reduces Risk,1181,3,0,0,0.0025236893402826115,6344.25,Low
Travels Frequently,-0.49,Reduces Risk,1181,4,0,0,0.0025236893402826115,6344.25,Low
Single,-0.475,Reduces Risk,1181,5,0,0,0.0025236893402826115,6344.25,Low
Single,0.883,Increases Risk,1260,1,0,0,0.03102757999794982,15179.93,Low
Research Scientist,0.75,Increases Risk,1260,2,0,0,0.03102757999794982,15179.93,Low
Technical Degree,0.428,Increases Risk,1260,3,0,0,0.03102757999794982,15179.93,Low
JobSatisfaction,0.281,Increases Risk,1260,4,0,0,0.03102757999794982,15179.93,Low
Life Sciences,0.219,Increases Risk,1260,5,0,0,0.03102757999794982,15179.93,Low
Travels Rarely,-0.622,Reduces Risk,1260,1,0,0,0.03102757999794982,15179.93,Low
YearsInCurrentRole,-0.513,Reduces Risk,1260,2,0,0,0.03102757999794982,15179.93,Low
Travels Frequently,-0.49,Reduces Risk,1260,3,0,0,0.03102757999794982,15179.93,Low
YearsWithCurrManager,-0.416,Reduces Risk,1260,4,0,0,0.03102757999794982,15179.93,Low
Overtime,-0.409,Reduces Risk,1260,5,0,0,0.03102757999794982,15179.93,Low
Travels Frequently,1.326,Increases Risk,332,1,0,0,0.02286224943919117,20036.93,Low
Single,0.883,Increases Risk,332,2,0,0,0.02286224943919117,20036.93,Low
Research Scientist,0.75,Increases Risk,332,3,0,0,0.02286224943919117,20036.93,Low
DistanceFromHome,0.452,Increases Risk,332,4,0,0,0.02286224943919117,20036.93,Low
WorkLifeBalance,0.221,Increases Risk,332,5,0,0,0.02286224943919117,20036.93,Low
Travels Rarely,-0.622,Reduces Risk,332,1,0,0,0.02286224943919117,20036.93,Low
EnvironmentSatisfaction,-0.588,Reduces Risk,332,2,0,0,0.02286224943919117,20036.93,Low
TotalWorkingYears,-0.568,Reduces Risk,332,3,0,0,0.02286224943919117,20036.93,Low
Age,-0.486,Reduces Risk,332,4,0,0,0.02286224943919117,20036.93,Low
Overtime,-0.409,Reduces Risk,332,5,0,0,0.02286224943919117,20036.93,Low
Laboratory Technician,1.794,Increases Risk,915,1,1,1,0.7927600389513438,374579.12,High
Travels Frequently,1.326,Increases Risk,915,2,1,1,0.7927600389513438,374579.12,High
Single,0.883,Increases Risk,915,3,1,1,0.7927600389513438,374579.12,High
WorkLifeBalance,0.589,Increases Risk,915,4,1,1,0.7927600389513438,374579.12,High
EnvironmentSatisfaction,0.55,Increases Risk,915,5,1,1,0.7927600389513438,374579.12,High
Travels Rarely,-0.622,Reduces Risk,915,1,1,1,0.7927600389513438,374579.12,High
YearsAtCompany,-0.5,Reduces Risk,915,2,1,1,0.7927600389513438,374579.12,High
Overtime,-0.409,Reduces Risk,915,3,1,1,0.7927600389513438,374579.12,High
Life Sciences,-0.373,Reduces Risk,915,4,1,1,0.7927600389513438,374579.12,High
NumCompaniesWorked,-0.32,Reduces Risk,915,5,1,1,0.7927600389513438,374579.12,High
Single,0.883,Increases Risk,101,1,0,0,0.08280360426471622,44058.14,Medium
Research Scientist,0.75,Increases Risk,101,2,0,0,0.08280360426471622,44058.14,Medium
YearsInCurrentRole,0.73,Increases Risk,101,3,0,0,0.08280360426471622,44058.14,Medium
JobSatisfaction,0.676,Increases Risk,101,4,0,0,0.08280360426471622,44058.14,Medium
TotalWorkingYears,0.557,Increases Risk,101,5,0,0,0.08280360426471622,44058.14,Medium
YearsAtCompany,-0.609,Reduces Risk,101,1,0,0,0.08280360426471622,44058.14,Medium
EnvironmentSatisfaction,-0.588,Reduces Risk,101,2,0,0,0.08280360426471622,44058.14,Medium
Travels Frequently,-0.49,Reduces Risk,101,3,0,0,0.08280360426471622,44058.14,Medium
Overtime,-0.409,Reduces Risk,101,4,0,0,0.08280360426471622,44058.14,Medium
Life Sciences,-0.373,Reduces Risk,101,5,0,0,0.08280360426471622,44058.14,Medium
Overtime,1.744,Increases Risk,107,1,1,1,0.6591461878486603,681504.43,High
Single,0.883,Increases Risk,107,2,1,1,0.6591461878486603,681504.43,High
Sales Executive,0.696,Increases Risk,107,3,1,1,0.6591461878486603,681504.43,High
Sales Department,0.404,Increases Risk,107,4,1,1,0.6591461878486603,681504.43,High
Travels Rarely,0.35,Increases Risk,107,5,1,1,0.6591461878486603,681504.43,High
Travels Frequently,-0.49,Reduces Risk,107,1,1,1,0.6591461878486603,681504.43,High
NumCompaniesWorked,-0.32,Reduces Risk,107,2,1,1,0.6591461878486603,681504.43,High
YearsSinceLastPromotion,-0.313,Reduces Risk,107,3,1,1,0.6591461878486603,681504.43,High
Marketing,-0.272,Reduces Risk,107,4,1,1,0.6591461878486603,681504.43,High
Laboratory Technician,-0.268,Reduces Risk,107,5,1,1,0.6591461878486603,681504.43,High
YearsAtCompany,0.708,Increases Risk,306,1,0,0,0.020521184888111277,20256.87,Low
Sales Executive,0.696,Increases Risk,306,2,0,0,0.020521184888111277,20256.87,Low
Sales Department,0.404,Increases Risk,306,3,0,0,0.020521184888111277,20256.87,Low
Travels Rarely,0.35,Increases Risk,306,4,0,0,0.020521184888111277,20256.87,Low
JobInvolvement,0.343,Increases Risk,306,5,0,0,0.020521184888111277,20256.87,Low
YearsInCurrentRole,-0.691,Reduces Risk,306,1,0,0,0.020521184888111277,20256.87,Low
EnvironmentSatisfaction,-0.588,Reduces Risk,306,2,0,0,0.020521184888111277,20256.87,Low
YearsWithCurrManager,-0.547,Reduces Risk,306,3,0,0,0.020521184888111277,20256.87,Low
Travels Frequently,-0.49,Reduces Risk,306,4,0,0,0.020521184888111277,20256.87,Low
Single,-0.475,Reduces Risk,306,5,0,0,0.020521184888111277,20256.87,Low
Sales Executive,0.696,Increases Risk,1031,1,1,0,0.01760582238668151,31994.71,Medium
EnvironmentSatisfaction,0.55,Increases Risk,1031,2,1,0,0.01760582238668151,31994.71,Medium
Sales Department,0.404,Increases Risk,1031,3,1,0,0.01760582238668151,31994.71,Medium
Travels Rarely,0.35,Increases Risk,1031,4,1,0,0.01760582238668151,31994.71,Medium
YearsSinceLastPromotion,0.329,Increases Risk,1031,5,1,0,0.01760582238668151,31994.71,Medium
TotalWorkingYears,-1.042,Reduces Risk,1031,1,1,0,0.01760582238668151,31994.71,Medium
WorkLifeBalance,-0.515,Reduces Risk,1031,2,1,0,0.01760582238668151,31994.71,Medium
YearsInCurrentRole,-0.513,Reduces Risk,1031,3,1,0,0.01760582238668151,31994.71,Medium
JobSatisfaction,-0.51,Reduces Risk,1031,4,1,0,0.01760582238668151,31994.71,Medium
Travels Frequently,-0.49,Reduces Risk,1031,5,1,0,0.01760582238668151,31994.71,Medium
Overtime,1.744,Increases Risk,175,1,0,0,0.059816533594844935,45835.02,Medium
Research Scientist,0.75,Increases Risk,175,2,0,0,0.059816533594844935,45835.02,Medium
JobSatisfaction,0.676,Increases Risk,175,3,0,0,0.059816533594844935,45835.02,Medium
YearsInCurrentRole,0.375,Increases Risk,175,4,0,0,0.059816533594844935,45835.02,Medium
Travels Rarely,0.35,Increases Risk,175,5,0,0,0.059816533594844935,45835.02,Medium
Age,-0.539,Reduces Risk,175,1,0,0,0.059816533594844935,45835.02,Medium
TotalWorkingYears,-0.509,Reduces Risk,175,2,0,0,0.059816533594844935,45835.02,Medium
YearsAtCompany,-0.5,Reduces Risk,175,3,0,0,0.059816533594844935,45835.02,Medium
Travels Frequently,-0.49,Reduces Risk,175,4,0,0,0.059816533594844935,45835.02,Medium
Single,-0.475,Reduces Risk,175,5,0,0,0.059816533594844935,45835.02,Medium
Laboratory Technician,1.794,Increases Risk,239,1,1,1,0.6831192044940585,458646.23,High
Overtime,1.744,Increases Risk,239,2,1,1,0.6831192044940585,458646.23,High
Single,0.883,Increases Risk,239,3,1,1,0.6831192044940585,458646.23,High
WorkLifeBalance,0.589,Increases Risk,239,4,1,1,0.6831192044940585,458646.23,High
TotalWorkingYears,0.379,Increases Risk,239,5,1,1,0.6831192044940585,458646.23,High
EnvironmentSatisfaction,-0.588,Reduces Risk,239,1,1,1,0.6831192044940585,458646.23,High
NumCompaniesWorked,-0.524,Reduces Risk,239,2,1,1,0.6831192044940585,458646.23,High
Travels Frequently,-0.49,Reduces Risk,239,3,1,1,0.6831192044940585,458646.23,High
YearsAtCompany,-0.39,Reduces Risk,239,4,1,1,0.6831192044940585,458646.23,High
Life Sciences,-0.373,Reduces Risk,239,5,1,1,0.6831192044940585,458646.23,High
Overtime,1.744,Increases Risk,986,1,0,0,0.2257051246394194,248636.77,High
Sales Executive,0.696,Increases Risk,986,2,0,0,0.2257051246394194,248636.77,High
EnvironmentSatisfaction,0.55,Increases Risk,986,3,0,0,0.2257051246394194,248636.77,High
DistanceFromHome,0.493,Increases Risk,986,4,0,0,0.2257051246394194,248636.77,High
Sales Department,0.404,Increases Risk,986,5,0,0,0.2257051246394194,248636.77,High
WorkLifeBalance,-0.515,Reduces Risk,986,1,0,0,0.2257051246394194,248636.77,High
JobSatisfaction,-0.51,Reduces Risk,986,2,0,0,0.2257051246394194,248636.77,High
Travels Frequently,-0.49,Reduces Risk,986,3,0,0,0.2257051246394194,248636.77,High
Single,-0.475,Reduces Risk,986,4,0,0,0.2257051246394194,248636.77,High
Life Sciences,-0.373,Reduces Risk,986,5,0,0,0.2257051246394194,248636.77,High
Laboratory Technician,1.794,Increases Risk,405,1,1,0,0.23720988187540964,172114.75,High
JobSatisfaction,0.676,Increases Risk,405,2,1,0,0.23720988187540964,172114.75,High
EnvironmentSatisfaction,0.55,Increases Risk,405,3,1,0,0.23720988187540964,172114.75,High
NumCompaniesWorked,0.495,Increases Risk,405,4,1,0,0.23720988187540964,172114.75,High
YearsInCurrentRole,0.375,Increases Risk,405,5,1,0,0.23720988187540964,172114.75,High
YearsAtCompany,-0.5,Reduces Risk,405,1,1,0,0.23720988187540964,172114.75,High
Travels Frequently,-0.49,Reduces Risk,405,2,1,0,0.23720988187540964,172114.75,High
Single,-0.475,Reduces Risk,405,3,1,0,0.23720988187540964,172114.75,High
Overtime,-0.409,Reduces Risk,405,4,1,0,0.23720988187540964,172114.75,High
TrainingTimesLastYear,-0.363,Reduces Risk,405,5,1,0,0.23720988187540964,172114.75,High
Sales Executive,0.696,Increases Risk,1247,1,0,0,0.13786622851849611,207113.68,High
EnvironmentSatisfaction,0.55,Increases Risk,1247,2,0,0,0.13786622851849611,207113.68,High
Technical Degree,0.428,Increases Risk,1247,3,0,0,0.13786622851849611,207113.68,High
Sales Department,0.404,Increases Risk,1247,4,0,0,0.13786622851849611,207113.68,High
YearsInCurrentRole,0.375,Increases Risk,1247,5,0,0,0.13786622851849611,207113.68,High
Travels Frequently,-0.49,Reduces Risk,1247,1,0,0,0.13786622851849611,207113.68,High
Single,-0.475,Reduces Risk,1247,2,0,0,0.13786622851849611,207113.68,High
Overtime,-0.409,Reduces Risk,1247,3,0,0,0.13786622851849611,207113.68,High
NumCompaniesWorked,-0.32,Reduces Risk,1247,4,0,0,0.13786622851849611,207113.68,High
YearsSinceLastPromotion,-0.313,Reduces Risk,1247,5,0,0,0.13786622851849611,207113.68,High
Laboratory Technician,1.794,Increases Risk,128,1,0,0,0.1381291897436941,62729.99,Medium
YearsInCurrentRole,0.552,Increases Risk,128,2,0,0,0.1381291897436941,62729.99,Medium
TotalWorkingYears,0.438,Increases Risk,128,3,0,0,0.1381291897436941,62729.99,Medium
Technical Degree,0.428,Increases Risk,128,4,0,0,0.1381291897436941,62729.99,Medium
YearsWithCurrManager,0.372,Increases Risk,128,5,0,0,0.1381291897436941,62729.99,Medium
NumCompaniesWorked,-0.524,Reduces Risk,128,1,0,0,0.1381291897436941,62729.99,Medium
JobSatisfaction,-0.51,Reduces Risk,128,2,0,0,0.1381291897436941,62729.99,Medium
YearsAtCompany,-0.5,Reduces Risk,128,3,0,0,0.1381291897436941,62729.99,Medium
Travels Frequently,-0.49,Reduces Risk,128,4,0,0,0.1381291897436941,62729.99,Medium
Single,-0.475,Reduces Risk,128,5,0,0,0.1381291897436941,62729.99,Medium
NumCompaniesWorked,1.31,Increases Risk,770,1,0,0,0.0010568556830939126,3733.72,Low
EstimatedMonthlySalary,0.571,Increases Risk,770,2,0,0,0.0010568556830939126,3733.72,Low
TrainingTimesLastYear,0.434,Increases Risk,770,3,0,0,0.0010568556830939126,3733.72,Low
YearsInCurrentRole,0.375,Increases Risk,770,4,0,0,0.0010568556830939126,3733.72,Low
Travels Rarely,0.35,Increases Risk,770,5,0,0,0.0010568556830939126,3733.72,Low
JobRole_Research Director,-1.125,Reduces Risk,770,1,0,0,0.0010568556830939126,3733.72,Low
TotalWorkingYears,-0.746,Reduces Risk,770,2,0,0,0.0010568556830939126,3733.72,Low
EnvironmentSatisfaction,-0.588,Reduces Risk,770,3,0,0,0.0010568556830939126,3733.72,Low
JobSatisfaction,-0.51,Reduces Risk,770,4,0,0,0.0010568556830939126,3733.72,Low
YearsAtCompany,-0.5,Reduces Risk,770,5,0,0,0.0010568556830939126,3733.72,Low
Laboratory Technician,1.794,Increases Risk,351,1,0,0,0.024511618173215816,10456.66,Low
YearsInCurrentRole,0.73,Increases Risk,351,2,0,0,0.024511618173215816,10456.66,Low
Travels Rarely,0.35,Increases Risk,351,3,0,0,0.024511618173215816,10456.66,Low
JobSatisfaction,0.281,Increases Risk,351,4,0,0,0.024511618173215816,10456.66,Low
Married,0.239,Increases Risk,351,5,0,0,0.024511618173215816,10456.66,Low
Travels Frequently,-0.49,Reduces Risk,351,1,0,0,0.024511618173215816,10456.66,Low
Single,-0.475,Reduces Risk,351,2,0,0,0.024511618173215816,10456.66,Low
YearsWithCurrManager,-0.416,Reduces Risk,351,3,0,0,0.024511618173215816,10456.66,Low
Overtime,-0.409,Reduces Risk,351,4,0,0,0.024511618173215816,10456.66,Low
Medical,-0.343,Reduces Risk,351,5,0,0,0.024511618173215816,10456.66,Low
Manufacturing Director,0.541,Increases Risk,1112,1,1,0,0.022048390500175874,19268.09,Low
YearsInCurrentRole,0.375,Increases Risk,1112,2,1,0,0.022048390500175874,19268.09,Low
Travels Rarely,0.35,Increases Risk,1112,3,1,0,0.022048390500175874,19268.09,Low
NumCompaniesWorked,0.291,Increases Risk,1112,4,1,0,0.022048390500175874,19268.09,Low
JobSatisfaction,0.281,Increases Risk,1112,5,1,0,0.022048390500175874,19268.09,Low
Travels Frequently,-0.49,Reduces Risk,1112,1,1,0,0.022048390500175874,19268.09,Low
Single,-0.475,Reduces Risk,1112,2,1,0,0.022048390500175874,19268.09,Low
Overtime,-0.409,Reduces Risk,1112,3,1,0,0.022048390500175874,19268.09,Low
Medical,-0.343,Reduces Risk,1112,4,1,0,0.022048390500175874,19268.09,Low
DistanceFromHome,-0.297,Reduces Risk,1112,5,1,0,0.022048390500175874,19268.09,Low
Single,0.883,Increases Risk,462,1,0,0,0.030013677312813188,28832.94,Low
Sales Executive,0.696,Increases Risk,462,2,0,0,0.030013677312813188,28832.94,Low
DistanceFromHome,0.493,Increases Risk,462,3,0,0,0.030013677312813188,28832.94,Low
YearsSinceLastPromotion,0.49,Increases Risk,462,4,0,0,0.030013677312813188,28832.94,Low
Sales Department,0.404,Increases Risk,462,5,0,0,0.030013677312813188,28832.94,Low
JobInvolvement,-0.61,Reduces Risk,462,1,0,0,0.030013677312813188,28832.94,Low
EnvironmentSatisfaction,-0.588,Reduces Risk,462,2,0,0,0.030013677312813188,28832.94,Low
YearsInCurrentRole,-0.513,Reduces Risk,462,3,0,0,0.030013677312813188,28832.94,Low
JobSatisfaction,-0.51,Reduces Risk,462,4,0,0,0.030013677312813188,28832.94,Low
Travels Frequently,-0.49,Reduces Risk,462,5,0,0,0.030013677312813188,28832.94,Low
Sales Executive,0.696,Increases Risk,1314,1,0,0,0.0023525977025169254,2182.55,Low
YearsSinceLastPromotion,0.49,Increases Risk,1314,2,0,0,0.0023525977025169254,2182.55,Low
Sales Department,0.404,Increases Risk,1314,3,0,0,0.0023525977025169254,2182.55,Low
NumCompaniesWorked,0.291,Increases Risk,1314,4,0,0,0.0023525977025169254,2182.55,Low
Married,0.239,Increases Risk,1314,5,0,0,0.0023525977025169254,2182.55,Low
Travels Rarely,-0.622,Reduces Risk,1314,1,0,0,0.0023525977025169254,2182.55,Low
WorkLifeBalance,-0.515,Reduces Risk,1314,2,0,0,0.0023525977025169254,2182.55,Low
YearsInCurrentRole,-0.513,Reduces Risk,1314,3,0,0,0.0023525977025169254,2182.55,Low
Travels Frequently,-0.49,Reduces Risk,1314,4,0,0,0.0023525977025169254,2182.55,Low
Single,-0.475,Reduces Risk,1314,5,0,0,0.0023525977025169254,2182.55,Low
Laboratory Technician,1.794,Increases Risk,1192,1,0,0,0.3745432115874103,174409.79,High
Overtime,1.744,Increases Risk,1192,2,0,0,0.3745432115874103,174409.79,High
JobSatisfaction,0.676,Increases Risk,1192,3,0,0,0.3745432115874103,174409.79,High
YearsInCurrentRole,0.375,Increases Risk,1192,4,0,0,0.3745432115874103,174409.79,High
Travels Rarely,0.35,Increases Risk,1192,5,0,0,0.3745432115874103,174409.79,High
EnvironmentSatisfaction,-0.588,Reduces Risk,1192,1,0,0,0.3745432115874103,174409.79,High
YearsAtCompany,-0.5,Reduces Risk,1192,2,0,0,0.3745432115874103,174409.79,High
Travels Frequently,-0.49,Reduces Risk,1192,3,0,0,0.3745432115874103,174409.79,High
Single,-0.475,Reduces Risk,1192,4,0,0,0.3745432115874103,174409.79,High
TotalWorkingYears,-0.391,Reduces Risk,1192,5,0,0,0.3745432115874103,174409.79,High
Laboratory Technician,1.794,Increases Risk,1208,1,0,0,0.007093307411955208,5089.31,Low
YearsAtCompany,0.928,Increases Risk,1208,2,0,0,0.007093307411955208,5089.31,Low
Travels Rarely,0.35,Increases Risk,1208,3,0,0,0.007093307411955208,5089.31,Low
JobInvolvement,0.343,Increases Risk,1208,4,0,0,0.007093307411955208,5089.31,Low
YearsSinceLastPromotion,0.329,Increases Risk,1208,5,0,0,0.007093307411955208,5089.31,Low
YearsWithCurrManager,-1.204,Reduces Risk,1208,1,0,0,0.007093307411955208,5089.31,Low
YearsInCurrentRole,-1.046,Reduces Risk,1208,2,0,0,0.007093307411955208,5089.31,Low
WorkLifeBalance,-0.515,Reduces Risk,1208,3,0,0,0.007093307411955208,5089.31,Low
JobSatisfaction,-0.51,Reduces Risk,1208,4,0,0,0.007093307411955208,5089.31,Low
Travels Frequently,-0.49,Reduces Risk,1208,5,0,0,0.007093307411955208,5089.31,Low
Overtime,1.744,Increases Risk,602,1,0,0,0.28209280851940405,349191.4,High
Single,0.883,Increases Risk,602,2,0,0,0.28209280851940405,349191.4,High
YearsInCurrentRole,0.73,Increases Risk,602,3,0,0,0.28209280851940405,349191.4,High
Manufacturing Director,0.541,Increases Risk,602,4,0,0,0.28209280851940405,349191.4,High
YearsWithCurrManager,0.503,Increases Risk,602,5,0,0,0.28209280851940405,349191.4,High
YearsAtCompany,-0.719,Reduces Risk,602,1,0,0,0.28209280851940405,349191.4,High
JobSatisfaction,-0.51,Reduces Risk,602,2,0,0,0.28209280851940405,349191.4,High
Travels Frequently,-0.49,Reduces Risk,602,3,0,0,0.28209280851940405,349191.4,High
Medical,-0.343,Reduces Risk,602,4,0,0,0.28209280851940405,349191.4,High
YearsSinceLastPromotion,-0.313,Reduces Risk,602,5,0,0,0.28209280851940405,349191.4,High
Laboratory Technician,1.794,Increases Risk,32,1,0,0,0.19815655764968793,78684.01,Medium
Single,0.883,Increases Risk,32,2,0,0,0.19815655764968793,78684.01,Medium
YearsInCurrentRole,0.73,Increases Risk,32,3,0,0,0.19815655764968793,78684.01,Medium
YearsAtCompany,0.379,Increases Risk,32,4,0,0,0.19815655764968793,78684.01,Medium
Travels Rarely,0.35,Increases Risk,32,5,0,0,0.19815655764968793,78684.01,Medium
EnvironmentSatisfaction,-0.588,Reduces Risk,32,1,0,0,0.19815655764968793,78684.01,Medium
YearsWithCurrManager,-0.547,Reduces Risk,32,2,0,0,0.19815655764968793,78684.01,Medium
Travels Frequently,-0.49,Reduces Risk,32,3,0,0,0.19815655764968793,78684.01,Medium
Overtime,-0.409,Reduces Risk,32,4,0,0,0.19815655764968793,78684.01,Medium
TrainingTimesLastYear,-0.363,Reduces Risk,32,5,0,0,0.19815655764968793,78684.01,Medium
NumCompaniesWorked,1.106,Increases Risk,1335,1,0,0,0.0214845405099594,15089.88,Low
Research Scientist,0.75,Increases Risk,1335,2,0,0,0.0214845405099594,15089.88,Low
DistanceFromHome,0.41,Increases Risk,1335,3,0,0,0.0214845405099594,15089.88,Low
YearsInCurrentRole,0.375,Increases Risk,1335,4,0,0,0.0214845405099594,15089.88,Low
Travels Rarely,0.35,Increases Risk,1335,5,0,0,0.0214845405099594,15089.88,Low
EnvironmentSatisfaction,-0.588,Reduces Risk,1335,1,0,0,0.0214845405099594,15089.88,Low
Other Education,-0.519,Reduces Risk,1335,2,0,0,0.0214845405099594,15089.88,Low
JobSatisfaction,-0.51,Reduces Risk,1335,3,0,0,0.0214845405099594,15089.88,Low
YearsAtCompany,-0.5,Reduces Risk,1335,4,0,0,0.0214845405099594,15089.88,Low
Travels Frequently,-0.49,Reduces Risk,1335,5,0,0,0.0214845405099594,15089.88,Low
YearsAtCompany,2.246,Increases Risk,425,1,0,0,0.12806498437742,392939.23,High
YearsSinceLastPromotion,2.097,Increases Risk,425,2,0,0,0.12806498437742,392939.23,High
DistanceFromHome,0.826,Increases Risk,425,3,0,0,0.12806498437742,392939.23,High
EstimatedMonthlySalary,0.465,Increases Risk,425,4,0,0,0.12806498437742,392939.23,High
Travels Rarely,0.35,Increases Risk,425,5,0,0,0.12806498437742,392939.23,High
YearsInCurrentRole,-1.046,Reduces Risk,425,1,0,0,0.12806498437742,392939.23,High
TotalWorkingYears,-1.042,Reduces Risk,425,2,0,0,0.12806498437742,392939.23,High
NumCompaniesWorked,-0.524,Reduces Risk,425,3,0,0,0.12806498437742,392939.23,High
Travels Frequently,-0.49,Reduces Risk,425,4,0,0,0.12806498437742,392939.23,High
Single,-0.475,Reduces Risk,425,5,0,0,0.12806498437742,392939.23,High
YearsAtCompany,1.038,Increases Risk,344,1,0,0,0.012383990186043718,18044.71,Low
Single,0.883,Increases Risk,344,2,0,0,0.012383990186043718,18044.71,Low
Manufacturing Director,0.541,Increases Risk,344,3,0,0,0.012383990186043718,18044.71,Low
Technical Degree,0.428,Increases Risk,344,4,0,0,0.012383990186043718,18044.71,Low
Travels Rarely,0.35,Increases Risk,344,5,0,0,0.012383990186043718,18044.71,Low
YearsWithCurrManager,-1.204,Reduces Risk,344,1,0,0,0.012383990186043718,18044.71,Low
NumCompaniesWorked,-0.524,Reduces Risk,344,2,0,0,0.012383990186043718,18044.71,Low
Travels Frequently,-0.49,Reduces Risk,344,3,0,0,0.012383990186043718,18044.71,Low
Overtime,-0.409,Reduces Risk,344,4,0,0,0.012383990186043718,18044.71,Low
TotalWorkingYears,-0.391,Reduces Risk,344,5,0,0,0.012383990186043718,18044.71,Low
Overtime,1.744,Increases Risk,353,1,0,0,0.10310000721384471,110865.5,Medium
Research Scientist,0.75,Increases Risk,353,2,0,0,0.10310000721384471,110865.5,Medium
JobSatisfaction,0.676,Increases Risk,353,3,0,0,0.10310000721384471,110865.5,Medium
YearsSinceLastPromotion,0.651,Increases Risk,353,4,0,0,0.10310000721384471,110865.5,Medium
Travels Rarely,0.35,Increases Risk,353,5,0,0,0.10310000721384471,110865.5,Medium
JobInvolvement,-0.61,Reduces Risk,353,1,0,0,0.10310000721384471,110865.5,Medium
YearsInCurrentRole,-0.513,Reduces Risk,353,2,0,0,0.10310000721384471,110865.5,Medium
Travels Frequently,-0.49,Reduces Risk,353,3,0,0,0.10310000721384471,110865.5,Medium
Single,-0.475,Reduces Risk,353,4,0,0,0.10310000721384471,110865.5,Medium
YearsWithCurrManager,-0.416,Reduces Risk,353,5,0,0,0.10310000721384471,110865.5,Medium
YearsSinceLastPromotion,1.454,Increases Risk,1348,1,0,0,0.022509043306273468,68160.53,Medium
YearsAtCompany,1.367,Increases Risk,1348,2,0,0,0.022509043306273468,68160.53,Medium
JobSatisfaction,0.676,Increases Risk,1348,3,0,0,0.022509043306273468,68160.53,Medium
EnvironmentSatisfaction,0.55,Increases Risk,1348,4,0,0,0.022509043306273468,68160.53,Medium
EstimatedMonthlySalary,0.456,Increases Risk,1348,5,0,0,0.022509043306273468,68160.53,Medium
YearsWithCurrManager,-1.598,Reduces Risk,1348,1,0,0,0.022509043306273468,68160.53,Medium
TotalWorkingYears,-0.687,Reduces Risk,1348,2,0,0,0.022509043306273468,68160.53,Medium
YearsInCurrentRole,-0.513,Reduces Risk,1348,3,0,0,0.022509043306273468,68160.53,Medium
Travels Frequently,-0.49,Reduces Risk,1348,4,0,0,0.022509043306273468,68160.53,Medium
Single,-0.475,Reduces Risk,1348,5,0,0,0.022509043306273468,68160.53,Medium
Laboratory Technician,1.794,Increases Risk,1422,1,0,1,0.5265697293654955,252121.59,High
Overtime,1.744,Increases Risk,1422,2,0,1,0.5265697293654955,252121.59,High
NumCompaniesWorked,0.903,Increases Risk,1422,3,0,1,0.5265697293654955,252121.59,High
YearsInCurrentRole,0.375,Increases Risk,1422,4,0,1,0.5265697293654955,252121.59,High
Travels Rarely,0.35,Increases Risk,1422,5,0,1,0.5265697293654955,252121.59,High
EnvironmentSatisfaction,-0.588,Reduces Risk,1422,1,0,1,0.5265697293654955,252121.59,High
YearsAtCompany,-0.5,Reduces Risk,1422,2,0,1,0.5265697293654955,252121.59,High
Travels Frequently,-0.49,Reduces Risk,1422,3,0,1,0.5265697293654955,252121.59,High
Single,-0.475,Reduces Risk,1422,4,0,1,0.5265697293654955,252121.59,High
Medical,-0.343,Reduces Risk,1422,5,0,1,0.5265697293654955,252121.59,High
Laboratory Technician,1.794,Increases Risk,841,1,0,1,0.5544185335819533,358963.82,High
NumCompaniesWorked,1.106,Increases Risk,841,2,0,1,0.5544185335819533,358963.82,High
Single,0.883,Increases Risk,841,3,0,1,0.5544185335819533,358963.82,High
DistanceFromHome,0.618,Increases Risk,841,4,0,1,0.5544185335819533,358963.82,High
Travels Rarely,0.35,Increases Risk,841,5,0,1,0.5544185335819533,358963.82,High
EnvironmentSatisfaction,-0.588,Reduces Risk,841,1,0,1,0.5544185335819533,358963.82,High
Travels Frequently,-0.49,Reduces Risk,841,2,0,1,0.5544185335819533,358963.82,High
Overtime,-0.409,Reduces Risk,841,3,0,1,0.5544185335819533,358963.82,High
Medical,-0.343,Reduces Risk,841,4,0,1,0.5544185335819533,358963.82,High
YearsAtCompany,-0.28,Reduces Risk,841,5,0,1,0.5544185335819533,358963.82,High
NumCompaniesWorked,0.903,Increases Risk,322,1,0,0,0.03745170349615474,34077.31,Medium
Single,0.883,Increases Risk,322,2,0,0,0.03745170349615474,34077.31,Medium
Research Scientist,0.75,Increases Risk,322,3,0,0,0.03745170349615474,34077.31,Medium
EnvironmentSatisfaction,0.55,Increases Risk,322,4,0,0,0.03745170349615474,34077.31,Medium
TrainingTimesLastYear,0.434,Increases Risk,322,5,0,0,0.03745170349615474,34077.31,Medium
JobInvolvement,-0.61,Reduces Risk,322,1,0,0,0.03745170349615474,34077.31,Medium
YearsInCurrentRole,-0.513,Reduces Risk,322,2,0,0,0.03745170349615474,34077.31,Medium
JobSatisfaction,-0.51,Reduces Risk,322,3,0,0,0.03745170349615474,34077.31,Medium
Travels Frequently,-0.49,Reduces Risk,322,4,0,0,0.03745170349615474,34077.31,Medium
YearsWithCurrManager,-0.416,Reduces Risk,322,5,0,0,0.03745170349615474,34077.31,Medium
JobRole_Sales Representative,1.949,Increases Risk,1087,1,0,0,0.31636595672652595,131431.07,Medium
Overtime,1.744,Increases Risk,1087,2,0,0,0.31636595672652595,131431.07,Medium
YearsSinceLastPromotion,0.49,Increases Risk,1087,3,0,0,0.31636595672652595,131431.07,Medium
YearsAtCompany,0.489,Increases Risk,1087,4,0,0,0.31636595672652595,131431.07,Medium
Technical Degree,0.428,Increases Risk,1087,5,0,0,0.31636595672652595,131431.07,Medium
YearsInCurrentRole,-1.046,Reduces Risk,1087,1,0,0,0.31636595672652595,131431.07,Medium
NumCompaniesWorked,-0.524,Reduces Risk,1087,2,0,0,0.31636595672652595,131431.07,Medium
Travels Frequently,-0.49,Reduces Risk,1087,3,0,0,0.31636595672652595,131431.07,Medium
Single,-0.475,Reduces Risk,1087,4,0,0,0.31636595672652595,131431.07,Medium
YearsWithCurrManager,-0.416,Reduces Risk,1087,5,0,0,0.31636595672652595,131431.07,Medium
NumCompaniesWorked,1.31,Increases Risk,1117,1,0,0,0.07671986882478424,75731.72,Medium
Research Scientist,0.75,Increases Risk,1117,2,0,0,0.07671986882478424,75731.72,Medium
YearsInCurrentRole,0.375,Increases Risk,1117,3,0,0,0.07671986882478424,75731.72,Medium
YearsWithCurrManager,0.372,Increases Risk,1117,4,0,0,0.07671986882478424,75731.72,Medium
Travels Rarely,0.35,Increases Risk,1117,5,0,0,0.07671986882478424,75731.72,Medium
JobSatisfaction,-0.51,Reduces Risk,1117,1,0,0,0.07671986882478424,75731.72,Medium
YearsAtCompany,-0.5,Reduces Risk,1117,2,0,0,0.07671986882478424,75731.72,Medium
Travels Frequently,-0.49,Reduces Risk,1117,3,0,0,0.07671986882478424,75731.72,Medium
Single,-0.475,Reduces Risk,1117,4,0,0,0.07671986882478424,75731.72,Medium
Overtime,-0.409,Reduces Risk,1117,5,0,0,0.07671986882478424,75731.72,Medium
Overtime,1.744,Increases Risk,163,1,0,0,0.04311031065513086,73245.28,Medium
DistanceFromHome,0.618,Increases Risk,163,2,0,0,0.04311031065513086,73245.28,Medium
WorkLifeBalance,0.589,Increases Risk,163,3,0,0,0.04311031065513086,73245.28,Medium
Travels Rarely,0.35,Increases Risk,163,4,0,0,0.04311031065513086,73245.28,Medium
Medical,0.21,Increases Risk,163,5,0,0,0.04311031065513086,73245.28,Medium
JobInvolvement,-0.61,Reduces Risk,163,1,0,0,0.04311031065513086,73245.28,Medium
Age,-0.566,Reduces Risk,163,2,0,0,0.04311031065513086,73245.28,Medium
JobSatisfaction,-0.51,Reduces Risk,163,3,0,0,0.04311031065513086,73245.28,Medium
Travels Frequently,-0.49,Reduces Risk,163,4,0,0,0.04311031065513086,73245.28,Medium
Single,-0.475,Reduces Risk,163,5,0,0,0.04311031065513086,73245.28,Medium
YearsSinceLastPromotion,1.776,Increases Risk,1295,1,0,0,0.07238215352659881,136111.74,High
Overtime,1.744,Increases Risk,1295,2,0,0,0.07238215352659881,136111.74,High
YearsAtCompany,1.697,Increases Risk,1295,3,0,0,0.07238215352659881,136111.74,High
Sales Executive,0.696,Increases Risk,1295,4,0,0,0.07238215352659881,136111.74,High
Sales Department,0.404,Increases Risk,1295,5,0,0,0.07238215352659881,136111.74,High
YearsInCurrentRole,-1.756,Reduces Risk,1295,1,0,0,0.07238215352659881,136111.74,High
TotalWorkingYears,-0.746,Reduces Risk,1295,2,0,0,0.07238215352659881,136111.74,High
NumCompaniesWorked,-0.524,Reduces Risk,1295,3,0,0,0.07238215352659881,136111.74,High
WorkLifeBalance,-0.515,Reduces Risk,1295,4,0,0,0.07238215352659881,136111.74,High
Travels Frequently,-0.49,Reduces Risk,1295,5,0,0,0.07238215352659881,136111.74,High
Overtime,1.744,Increases Risk,1168,1,0,1,0.7516982973796386,508749.41,High
Travels Frequently,1.326,Increases Risk,1168,2,0,1,0.7516982973796386,508749.41,High
Single,0.883,Increases Risk,1168,3,0,1,0.7516982973796386,508749.41,High
Research Scientist,0.75,Increases Risk,1168,4,0,1,0.7516982973796386,508749.41,High
EnvironmentSatisfaction,0.55,Increases Risk,1168,5,0,1,0.7516982973796386,508749.41,High
Travels Rarely,-0.622,Reduces Risk,1168,1,0,1,0.7516982973796386,508749.41,High
JobSatisfaction,-0.51,Reduces Risk,1168,2,0,1,0.7516982973796386,508749.41,High
NumCompaniesWorked,-0.32,Reduces Risk,1168,3,0,1,0.7516982973796386,508749.41,High
DistanceFromHome,-0.297,Reduces Risk,1168,4,0,1,0.7516982973796386,508749.41,High
Male,-0.296,Reduces Risk,1168,5,0,1,0.7516982973796386,508749.41,High
YearsSinceLastPromotion,2.097,Increases Risk,976,1,0,0,0.12788176697642098,308496.86,High
Overtime,1.744,Increases Risk,976,2,0,0,0.12788176697642098,308496.86,High
YearsAtCompany,1.367,Increases Risk,976,3,0,0,0.12788176697642098,308496.86,High
DistanceFromHome,0.576,Increases Risk,976,4,0,0,0.12788176697642098,308496.86,High
Manufacturing Director,0.541,Increases Risk,976,5,0,0,0.12788176697642098,308496.86,High
YearsInCurrentRole,-2.111,Reduces Risk,976,1,0,0,0.12788176697642098,308496.86,High
TotalWorkingYears,-1.338,Reduces Risk,976,2,0,0,0.12788176697642098,308496.86,High
YearsWithCurrManager,-0.679,Reduces Risk,976,3,0,0,0.12788176697642098,308496.86,High
EnvironmentSatisfaction,-0.588,Reduces Risk,976,4,0,0,0.12788176697642098,308496.86,High
Age,-0.539,Reduces Risk,976,5,0,0,0.12788176697642098,308496.86,High
Single,0.883,Increases Risk,374,1,0,0,0.05239340948304188,49540.06,Medium
Sales Executive,0.696,Increases Risk,374,2,0,0,0.05239340948304188,49540.06,Medium
Sales Department,0.404,Increases Risk,374,3,0,0,0.05239340948304188,49540.06,Medium
Travels Rarely,0.35,Increases Risk,374,4,0,0,0.05239340948304188,49540.06,Medium
TrainingTimesLastYear,0.274,Increases Risk,374,5,0,0,0.05239340948304188,49540.06,Medium
JobSatisfaction,-0.51,Reduces Risk,374,1,0,0,0.05239340948304188,49540.06,Medium
Travels Frequently,-0.49,Reduces Risk,374,2,0,0,0.05239340948304188,49540.06,Medium
YearsWithCurrManager,-0.416,Reduces Risk,374,3,0,0,0.05239340948304188,49540.06,Medium
Overtime,-0.409,Reduces Risk,374,4,0,0,0.05239340948304188,49540.06,Medium
Life Sciences,-0.373,Reduces Risk,374,5,0,0,0.05239340948304188,49540.06,Medium
YearsAtCompany,1.697,Increases Risk,231,1,0,0,0.0020620372330199077,7138.28,Low
YearsSinceLastPromotion,1.454,Increases Risk,231,2,0,0,0.0020620372330199077,7138.28,Low
EstimatedMonthlySalary,0.555,Increases Risk,231,3,0,0,0.0020620372330199077,7138.28,Low
Technical Degree,0.428,Increases Risk,231,4,0,0,0.0020620372330199077,7138.28,Low
Travels Rarely,0.35,Increases Risk,231,5,0,0,0.0020620372330199077,7138.28,Low
YearsInCurrentRole,-2.288,Reduces Risk,231,1,0,0,0.0020620372330199077,7138.28,Low
YearsWithCurrManager,-1.466,Reduces Risk,231,2,0,0,0.0020620372330199077,7138.28,Low
TotalWorkingYears,-0.687,Reduces Risk,231,3,0,0,0.0020620372330199077,7138.28,Low
JobSatisfaction,-0.51,Reduces Risk,231,4,0,0,0.0020620372330199077,7138.28,Low
Travels Frequently,-0.49,Reduces Risk,231,5,0,0,0.0020620372330199077,7138.28,Low
Single,0.883,Increases Risk,1079,1,0,0,0.05239045751268123,78988.04,Medium
YearsInCurrentRole,0.73,Increases Risk,1079,2,0,0,0.05239045751268123,78988.04,Medium
Manufacturing Director,0.541,Increases Risk,1079,3,0,0,0.05239045751268123,78988.04,Medium
Travels Rarely,0.35,Increases Risk,1079,4,0,0,0.05239045751268123,78988.04,Medium
NumCompaniesWorked,0.291,Increases Risk,1079,5,0,0,0.05239045751268123,78988.04,Medium
YearsAtCompany,-0.5,Reduces Risk,1079,1,0,0,0.05239045751268123,78988.04,Medium
Travels Frequently,-0.49,Reduces Risk,1079,2,0,0,0.05239045751268123,78988.04,Medium
Overtime,-0.409,Reduces Risk,1079,3,0,0,0.05239045751268123,78988.04,Medium
Life Sciences,-0.373,Reduces Risk,1079,4,0,0,0.05239045751268123,78988.04,Medium
Male,-0.296,Reduces Risk,1079,5,0,0,0.05239045751268123,78988.04,Medium
Sales Executive,0.696,Increases Risk,297,1,0,0,0.022157917833700486,31987.17,Medium
YearsSinceLastPromotion,0.651,Increases Risk,297,2,0,0,0.022157917833700486,31987.17,Medium
YearsAtCompany,0.489,Increases Risk,297,3,0,0,0.022157917833700486,31987.17,Medium
Sales Department,0.404,Increases Risk,297,4,0,0,0.022157917833700486,31987.17,Medium
Travels Rarely,0.35,Increases Risk,297,5,0,0,0.022157917833700486,31987.17,Medium
YearsInCurrentRole,-0.868,Reduces Risk,297,1,0,0,0.022157917833700486,31987.17,Medium
YearsWithCurrManager,-0.679,Reduces Risk,297,2,0,0,0.022157917833700486,31987.17,Medium
NumCompaniesWorked,-0.524,Reduces Risk,297,3,0,0,0.022157917833700486,31987.17,Medium
Travels Frequently,-0.49,Reduces Risk,297,4,0,0,0.022157917833700486,31987.17,Medium
Single,-0.475,Reduces Risk,297,5,0,0,0.022157917833700486,31987.17,Medium
Research Scientist,0.75,Increases Risk,615,1,0,0,0.00294271940434002,903.65,Low
YearsInCurrentRole,0.73,Increases Risk,615,2,0,0,0.00294271940434002,903.65,Low
TotalWorkingYears,0.616,Increases Risk,615,3,0,0,0.00294271940434002,903.65,Low
YearsWithCurrManager,0.503,Increases Risk,615,4,0,0,0.00294271940434002,903.65,Low
Married,0.239,Increases Risk,615,5,0,0,0.00294271940434002,903.65,Low
YearsAtCompany,-0.719,Reduces Risk,615,1,0,0,0.00294271940434002,903.65,Low
Travels Rarely,-0.622,Reduces Risk,615,2,0,0,0.00294271940434002,903.65,Low
EnvironmentSatisfaction,-0.588,Reduces Risk,615,3,0,0,0.00294271940434002,903.65,Low
TrainingTimesLastYear,-0.523,Reduces Risk,615,4,0,0,0.00294271940434002,903.65,Low
JobSatisfaction,-0.51,Reduces Risk,615,5,0,0,0.00294271940434002,903.65,Low
Overtime,1.744,Increases Risk,1164,1,0,0,0.3111001296004146,444904.3,High
Single,0.883,Increases Risk,1164,2,0,0,0.3111001296004146,444904.3,High
NumCompaniesWorked,0.699,Increases Risk,1164,3,0,0,0.3111001296004146,444904.3,High
Manufacturing Director,0.541,Increases Risk,1164,4,0,0,0.3111001296004146,444904.3,High
YearsInCurrentRole,0.375,Increases Risk,1164,5,0,0,0.3111001296004146,444904.3,High
JobSatisfaction,-0.51,Reduces Risk,1164,1,0,0,0.3111001296004146,444904.3,High
Travels Frequently,-0.49,Reduces Risk,1164,2,0,0,0.3111001296004146,444904.3,High
TotalWorkingYears,-0.45,Reduces Risk,1164,3,0,0,0.3111001296004146,444904.3,High
Life Sciences,-0.373,Reduces Risk,1164,4,0,0,0.3111001296004146,444904.3,High
Male,-0.296,Reduces Risk,1164,5,0,0,0.3111001296004146,444904.3,High
Single,0.883,Increases Risk,367,1,0,0,0.024670841150355685,46610.13,Medium
NumCompaniesWorked,0.699,Increases Risk,367,2,0,0,0.024670841150355685,46610.13,Medium
Technical Degree,0.428,Increases Risk,367,3,0,0,0.024670841150355685,46610.13,Medium
Travels Rarely,0.35,Increases Risk,367,4,0,0,0.024670841150355685,46610.13,Medium
JobInvolvement,0.343,Increases Risk,367,5,0,0,0.024670841150355685,46610.13,Medium
EnvironmentSatisfaction,-0.588,Reduces Risk,367,1,0,0,0.024670841150355685,46610.13,Medium
TotalWorkingYears,-0.568,Reduces Risk,367,2,0,0,0.024670841150355685,46610.13,Medium
JobSatisfaction,-0.51,Reduces Risk,367,3,0,0,0.024670841150355685,46610.13,Medium
Travels Frequently,-0.49,Reduces Risk,367,4,0,0,0.024670841150355685,46610.13,Medium
Overtime,-0.409,Reduces Risk,367,5,0,0,0.024670841150355685,46610.13,Medium
DistanceFromHome,0.493,Increases Risk,1298,1,1,0,0.002376660181587133,3818.53,Low
Travels Rarely,0.35,Increases Risk,1298,2,1,0,0.002376660181587133,3818.53,Low
NumCompaniesWorked,0.291,Increases Risk,1298,3,1,0,0.002376660181587133,3818.53,Low
JobSatisfaction,0.281,Increases Risk,1298,4,1,0,0.002376660181587133,3818.53,Low
YearsAtCompany,0.269,Increases Risk,1298,5,1,0,0.002376660181587133,3818.53,Low
EnvironmentSatisfaction,-0.588,Reduces Risk,1298,1,1,0,0.002376660181587133,3818.53,Low
WorkLifeBalance,-0.515,Reduces Risk,1298,2,1,0,0.002376660181587133,3818.53,Low
YearsInCurrentRole,-0.513,Reduces Risk,1298,3,1,0,0.002376660181587133,3818.53,Low
Travels Frequently,-0.49,Reduces Risk,1298,4,1,0,0.002376660181587133,3818.53,Low
Single,-0.475,Reduces Risk,1298,5,1,0,0.002376660181587133,3818.53,Low
Single,0.883,Increases Risk,788,1,0,0,0.007759751081054102,5112.12,Low
Research Scientist,0.75,Increases Risk,788,2,0,0,0.007759751081054102,5112.12,Low
Travels Rarely,0.35,Increases Risk,788,3,0,0,0.007759751081054102,5112.12,Low
Life Sciences,0.219,Increases Risk,788,4,0,0,0.007759751081054102,5112.12,Low
Medical,0.21,Increases Risk,788,5,0,0,0.007759751081054102,5112.12,Low
Other Education,-0.519,Reduces Risk,788,1,0,0,0.007759751081054102,5112.12,Low
WorkLifeBalance,-0.515,Reduces Risk,788,2,0,0,0.007759751081054102,5112.12,Low
YearsInCurrentRole,-0.513,Reduces Risk,788,3,0,0,0.007759751081054102,5112.12,Low
Travels Frequently,-0.49,Reduces Risk,788,4,0,0,0.007759751081054102,5112.12,Low
YearsWithCurrManager,-0.416,Reduces Risk,788,5,0,0,0.007759751081054102,5112.12,Low
Travels Rarely,0.35,Increases Risk,1299,1,0,0,0.0007377157474961819,864.85,Low
NumCompaniesWorked,0.291,Increases Risk,1299,2,0,0,0.0007377157474961819,864.85,Low
Medical,0.21,Increases Risk,1299,3,0,0,0.0007377157474961819,864.85,Low
YearsInCurrentRole,0.197,Increases Risk,1299,4,0,0,0.0007377157474961819,864.85,Low
YearsWithCurrManager,0.109,Increases Risk,1299,5,0,0,0.0007377157474961819,864.85,Low
JobSatisfaction,-0.51,Reduces Risk,1299,1,0,0,0.0007377157474961819,864.85,Low
Travels Frequently,-0.49,Reduces Risk,1299,2,0,0,0.0007377157474961819,864.85,Low
Single,-0.475,Reduces Risk,1299,3,0,0,0.0007377157474961819,864.85,Low
Overtime,-0.409,Reduces Risk,1299,4,0,0,0.0007377157474961819,864.85,Low
Life Sciences,-0.373,Reduces Risk,1299,5,0,0,0.0007377157474961819,864.85,Low
YearsAtCompany,1.587,Increases Risk,63,1,0,0,0.1191209838887232,163750.85,High
NumCompaniesWorked,0.903,Increases Risk,63,2,0,0,0.1191209838887232,163750.85,High
Single,0.883,Increases Risk,63,3,0,0,0.1191209838887232,163750.85,High
YearsSinceLastPromotion,0.812,Increases Risk,63,4,0,0,0.1191209838887232,163750.85,High
Sales Executive,0.696,Increases Risk,63,5,0,0,0.1191209838887232,163750.85,High
YearsInCurrentRole,-2.111,Reduces Risk,63,1,0,0,0.1191209838887232,163750.85,High
TotalWorkingYears,-1.042,Reduces Risk,63,2,0,0,0.1191209838887232,163750.85,High
YearsWithCurrManager,-0.679,Reduces Risk,63,3,0,0,0.1191209838887232,163750.85,High
Age,-0.619,Reduces Risk,63,4,0,0,0.1191209838887232,163750.85,High
Travels Frequently,-0.49,Reduces Risk,63,5,0,0,0.1191209838887232,163750.85,High
Human Resources,1.787,Increases Risk,1005,1,0,0,0.2635288743388605,378912.36,High
Single,0.883,Increases Risk,1005,2,0,0,0.2635288743388605,378912.36,High
JobSatisfaction,0.676,Increases Risk,1005,3,0,0,0.2635288743388605,378912.36,High
YearsAtCompany,0.379,Increases Risk,1005,4,0,0,0.2635288743388605,378912.36,High
Travels Rarely,0.35,Increases Risk,1005,5,0,0,0.2635288743388605,378912.36,High
YearsInCurrentRole,-0.868,Reduces Risk,1005,1,0,0,0.2635288743388605,378912.36,High
YearsWithCurrManager,-0.679,Reduces Risk,1005,2,0,0,0.2635288743388605,378912.36,High
Other Education,-0.519,Reduces Risk,1005,3,0,0,0.2635288743388605,378912.36,High
Travels Frequently,-0.49,Reduces Risk,1005,4,0,0,0.2635288743388605,378912.36,High
Overtime,-0.409,Reduces Risk,1005,5,0,0,0.2635288743388605,378912.36,High
Overtime,1.744,Increases Risk,1419,1,0,0,0.3372710066613423,328434.51,High
Research Scientist,0.75,Increases Risk,1419,2,0,0,0.3372710066613423,328434.51,High
NumCompaniesWorked,0.699,Increases Risk,1419,3,0,0,0.3372710066613423,328434.51,High
JobSatisfaction,0.676,Increases Risk,1419,4,0,0,0.3372710066613423,328434.51,High
DistanceFromHome,0.368,Increases Risk,1419,5,0,0,0.3372710066613423,328434.51,High
EnvironmentSatisfaction,-0.588,Reduces Risk,1419,1,0,0,0.3372710066613423,328434.51,High
Travels Frequently,-0.49,Reduces Risk,1419,2,0,0,0.3372710066613423,328434.51,High
Single,-0.475,Reduces Risk,1419,3,0,0,0.3372710066613423,328434.51,High
Life Sciences,-0.373,Reduces Risk,1419,4,0,0,0.3372710066613423,328434.51,High
YearsAtCompany,-0.28,Reduces Risk,1419,5,0,0,0.3372710066613423,328434.51,High
DistanceFromHome,0.826,Increases Risk,1073,1,0,0,0.05173163374527274,60982.28,Medium
JobInvolvement,0.819,Increases Risk,1073,2,0,0,0.05173163374527274,60982.28,Medium
Manufacturing Director,0.541,Increases Risk,1073,3,0,0,0.05173163374527274,60982.28,Medium
Travels Rarely,0.35,Increases Risk,1073,4,0,0,0.05173163374527274,60982.28,Medium
JobSatisfaction,0.281,Increases Risk,1073,5,0,0,0.05173163374527274,60982.28,Medium
Travels Frequently,-0.49,Reduces Risk,1073,1,0,0,0.05173163374527274,60982.28,Medium
Single,-0.475,Reduces Risk,1073,2,0,0,0.05173163374527274,60982.28,Medium
YearsWithCurrManager,-0.416,Reduces Risk,1073,3,0,0,0.05173163374527274,60982.28,Medium
Overtime,-0.409,Reduces Risk,1073,4,0,0,0.05173163374527274,60982.28,Medium
Life Sciences,-0.373,Reduces Risk,1073,5,0,0,0.05173163374527274,60982.28,Medium
Single,0.883,Increases Risk,862,1,0,0,0.04436942743741627,18289.08,Low
JobInvolvement,0.819,Increases Risk,862,2,0,0,0.04436942743741627,18289.08,Low
Research Scientist,0.75,Increases Risk,862,3,0,0,0.04436942743741627,18289.08,Low
YearsInCurrentRole,0.73,Increases Risk,862,4,0,0,0.04436942743741627,18289.08,Low
YearsWithCurrManager,0.503,Increases Risk,862,5,0,0,0.04436942743741627,18289.08,Low
YearsAtCompany,-0.719,Reduces Risk,862,1,0,0,0.04436942743741627,18289.08,Low
Travels Rarely,-0.622,Reduces Risk,862,2,0,0,0.04436942743741627,18289.08,Low
EnvironmentSatisfaction,-0.588,Reduces Risk,862,3,0,0,0.04436942743741627,18289.08,Low
Travels Frequently,-0.49,Reduces Risk,862,4,0,0,0.04436942743741627,18289.08,Low
Overtime,-0.409,Reduces Risk,862,5,0,0,0.04436942743741627,18289.08,Low
Laboratory Technician,1.794,Increases Risk,901,1,0,0,0.3085631455592749,142130.36,High
Single,0.883,Increases Risk,901,2,0,0,0.3085631455592749,142130.36,High
YearsInCurrentRole,0.73,Increases Risk,901,3,0,0,0.3085631455592749,142130.36,High
YearsWithCurrManager,0.503,Increases Risk,901,4,0,0,0.3085631455592749,142130.36,High
NumCompaniesWorked,0.495,Increases Risk,901,5,0,0,0.3085631455592749,142130.36,High
JobInvolvement,-0.61,Reduces Risk,901,1,0,0,0.3085631455592749,142130.36,High
YearsAtCompany,-0.609,Reduces Risk,901,2,0,0,0.3085631455592749,142130.36,High
EnvironmentSatisfaction,-0.588,Reduces Risk,901,3,0,0,0.3085631455592749,142130.36,High
Travels Frequently,-0.49,Reduces Risk,901,4,0,0,0.3085631455592749,142130.36,High
Overtime,-0.409,Reduces Risk,901,5,0,0,0.3085631455592749,142130.36,High
YearsSinceLastPromotion,1.937,Increases Risk,584,1,0,0,0.06660095379933555,220942.0,High
YearsAtCompany,1.916,Increases Risk,584,2,0,0,0.06660095379933555,220942.0,High
Travels Frequently,1.326,Increases Risk,584,3,0,0,0.06660095379933555,220942.0,High
EstimatedMonthlySalary,0.522,Increases Risk,584,4,0,0,0.06660095379933555,220942.0,High
WorkLifeBalance,0.221,Increases Risk,584,5,0,0,0.06660095379933555,220942.0,High
TotalWorkingYears,-0.805,Reduces Risk,584,1,0,0,0.06660095379933555,220942.0,High
YearsWithCurrManager,-0.679,Reduces Risk,584,2,0,0,0.06660095379933555,220942.0,High
Travels Rarely,-0.622,Reduces Risk,584,3,0,0,0.06660095379933555,220942.0,High
YearsInCurrentRole,-0.513,Reduces Risk,584,4,0,0,0.06660095379933555,220942.0,High
JobSatisfaction,-0.51,Reduces Risk,584,5,0,0,0.06660095379933555,220942.0,High
Laboratory Technician,1.794,Increases Risk,973,1,0,0,0.01673243648834175,16152.49,Low
YearsWithCurrManager,0.503,Increases Risk,973,2,0,0,0.01673243648834175,16152.49,Low
TrainingTimesLastYear,0.434,Increases Risk,973,3,0,0,0.01673243648834175,16152.49,Low
Travels Rarely,0.35,Increases Risk,973,4,0,0,0.01673243648834175,16152.49,Low
JobInvolvement,0.343,Increases Risk,973,5,0,0,0.01673243648834175,16152.49,Low
EnvironmentSatisfaction,-0.588,Reduces Risk,973,1,0,0,0.01673243648834175,16152.49,Low
NumCompaniesWorked,-0.524,Reduces Risk,973,2,0,0,0.01673243648834175,16152.49,Low
YearsInCurrentRole,-0.513,Reduces Risk,973,3,0,0,0.01673243648834175,16152.49,Low
JobSatisfaction,-0.51,Reduces Risk,973,4,0,0,0.01673243648834175,16152.49,Low
Travels Frequently,-0.49,Reduces Risk,973,5,0,0,0.01673243648834175,16152.49,Low
NumCompaniesWorked,1.31,Increases Risk,198,1,0,0,0.025702102541805938,30316.66,Low
YearsInCurrentRole,0.73,Increases Risk,198,2,0,0,0.025702102541805938,30316.66,Low
Manufacturing Director,0.541,Increases Risk,198,3,0,0,0.025702102541805938,30316.66,Low
YearsWithCurrManager,0.503,Increases Risk,198,4,0,0,0.025702102541805938,30316.66,Low
Travels Rarely,0.35,Increases Risk,198,5,0,0,0.025702102541805938,30316.66,Low
YearsAtCompany,-0.609,Reduces Risk,198,1,0,0,0.025702102541805938,30316.66,Low
EnvironmentSatisfaction,-0.588,Reduces Risk,198,2,0,0,0.025702102541805938,30316.66,Low
Travels Frequently,-0.49,Reduces Risk,198,3,0,0,0.025702102541805938,30316.66,Low
Single,-0.475,Reduces Risk,198,4,0,0,0.025702102541805938,30316.66,Low
Overtime,-0.409,Reduces Risk,198,5,0,0,0.025702102541805938,30316.66,Low
Laboratory Technician,1.794,Increases Risk,543,1,0,0,0.24286405070343667,162097.18,High
Single,0.883,Increases Risk,543,2,0,0,0.24286405070343667,162097.18,High
JobInvolvement,0.819,Increases Risk,543,3,0,0,0.24286405070343667,162097.18,High
DistanceFromHome,0.618,Increases Risk,543,4,0,0,0.24286405070343667,162097.18,High
EnvironmentSatisfaction,0.55,Increases Risk,543,5,0,0,0.24286405070343667,162097.18,High
Travels Rarely,-0.622,Reduces Risk,543,1,0,0,0.24286405070343667,162097.18,High
Travels Frequently,-0.49,Reduces Risk,543,2,0,0,0.24286405070343667,162097.18,High
Overtime,-0.409,Reduces Risk,543,3,0,0,0.24286405070343667,162097.18,High
TrainingTimesLastYear,-0.363,Reduces Risk,543,4,0,0,0.24286405070343667,162097.18,High
Medical,-0.343,Reduces Risk,543,5,0,0,0.24286405070343667,162097.18,High
Travels Frequently,1.326,Increases Risk,820,1,0,0,0.021585681666072262,19302.78,Low
Sales Executive,0.696,Increases Risk,820,2,0,0,0.021585681666072262,19302.78,Low
Sales Department,0.404,Increases Risk,820,3,0,0,0.021585681666072262,19302.78,Low
YearsInCurrentRole,0.375,Increases Risk,820,4,0,0,0.021585681666072262,19302.78,Low
TotalWorkingYears,0.32,Increases Risk,820,5,0,0,0.021585681666072262,19302.78,Low
Travels Rarely,-0.622,Reduces Risk,820,1,0,0,0.021585681666072262,19302.78,Low
EnvironmentSatisfaction,-0.588,Reduces Risk,820,2,0,0,0.021585681666072262,19302.78,Low
JobSatisfaction,-0.51,Reduces Risk,820,3,0,0,0.021585681666072262,19302.78,Low
Single,-0.475,Reduces Risk,820,4,0,0,0.021585681666072262,19302.78,Low
Overtime,-0.409,Reduces Risk,820,5,0,0,0.021585681666072262,19302.78,Low
Overtime,1.744,Increases Risk,917,1,0,0,0.4192294015730686,342443.34,High
Single,0.883,Increases Risk,917,2,0,0,0.4192294015730686,342443.34,High
Sales Executive,0.696,Increases Risk,917,3,0,0,0.4192294015730686,342443.34,High
JobSatisfaction,0.676,Increases Risk,917,4,0,0,0.4192294015730686,342443.34,High
Sales Department,0.404,Increases Risk,917,5,0,0,0.4192294015730686,342443.34,High
NumCompaniesWorked,-0.524,Reduces Risk,917,1,0,0,0.4192294015730686,342443.34,High
Travels Frequently,-0.49,Reduces Risk,917,2,0,0,0.4192294015730686,342443.34,High
YearsAtCompany,-0.39,Reduces Risk,917,3,0,0,0.4192294015730686,342443.34,High
YearsSinceLastPromotion,-0.313,Reduces Risk,917,4,0,0,0.4192294015730686,342443.34,High
DistanceFromHome,-0.297,Reduces Risk,917,5,0,0,0.4192294015730686,342443.34,High
YearsAtCompany,1.697,Increases Risk,538,1,0,0,0.0070526104539911805,24359.86,Low
EstimatedMonthlySalary,0.553,Increases Risk,538,2,0,0,0.0070526104539911805,24359.86,Low
Travels Rarely,0.35,Increases Risk,538,3,0,0,0.0070526104539911805,24359.86,Low
JobInvolvement,0.343,Increases Risk,538,4,0,0,0.0070526104539911805,24359.86,Low
Married,0.239,Increases Risk,538,5,0,0,0.0070526104539911805,24359.86,Low
YearsWithCurrManager,-0.81,Reduces Risk,538,1,0,0,0.0070526104539911805,24359.86,Low
TotalWorkingYears,-0.687,Reduces Risk,538,2,0,0,0.0070526104539911805,24359.86,Low
EnvironmentSatisfaction,-0.588,Reduces Risk,538,3,0,0,0.0070526104539911805,24359.86,Low
YearsInCurrentRole,-0.513,Reduces Risk,538,4,0,0,0.0070526104539911805,24359.86,Low
Travels Frequently,-0.49,Reduces Risk,538,5,0,0,0.0070526104539911805,24359.86,Low
YearsInCurrentRole,0.552,Increases Risk,534,1,0,0,0.000345833924277925,922.17,Low
EstimatedMonthlySalary,0.373,Increases Risk,534,2,0,0,0.000345833924277925,922.17,Low
Travels Rarely,0.35,Increases Risk,534,3,0,0,0.000345833924277925,922.17,Low
Married,0.239,Increases Risk,534,4,0,0,0.000345833924277925,922.17,Low
Medical,0.21,Increases Risk,534,5,0,0,0.000345833924277925,922.17,Low
TotalWorkingYears,-1.279,Reduces Risk,534,1,0,0,0.000345833924277925,922.17,Low
JobRole_Research Director,-1.125,Reduces Risk,534,2,0,0,0.000345833924277925,922.17,Low
JobInvolvement,-0.61,Reduces Risk,534,3,0,0,0.000345833924277925,922.17,Low
Travels Frequently,-0.49,Reduces Risk,534,4,0,0,0.000345833924277925,922.17,Low
Single,-0.475,Reduces Risk,534,5,0,0,0.000345833924277925,922.17,Low
Laboratory Technician,1.794,Increases Risk,30,1,0,0,0.10408228991917134,46762.09,Medium
Single,0.883,Increases Risk,30,2,0,0,0.10408228991917134,46762.09,Medium
YearsInCurrentRole,0.552,Increases Risk,30,3,0,0,0.10408228991917134,46762.09,Medium
YearsWithCurrManager,0.503,Increases Risk,30,4,0,0,0.10408228991917134,46762.09,Medium
Travels Rarely,0.35,Increases Risk,30,5,0,0,0.10408228991917134,46762.09,Medium
YearsAtCompany,-0.609,Reduces Risk,30,1,0,0,0.10408228991917134,46762.09,Medium
JobSatisfaction,-0.51,Reduces Risk,30,2,0,0,0.10408228991917134,46762.09,Medium
Travels Frequently,-0.49,Reduces Risk,30,3,0,0,0.10408228991917134,46762.09,Medium
Overtime,-0.409,Reduces Risk,30,4,0,0,0.10408228991917134,46762.09,Medium
Medical,-0.343,Reduces Risk,30,5,0,0,0.10408228991917134,46762.09,Medium
Travels Frequently,1.326,Increases Risk,56,1,0,0,0.07472873222173222,121988.68,Medium
Sales Executive,0.696,Increases Risk,56,2,0,0,0.07472873222173222,121988.68,Medium
JobSatisfaction,0.676,Increases Risk,56,3,0,0,0.07472873222173222,121988.68,Medium
Sales Department,0.404,Increases Risk,56,4,0,0,0.07472873222173222,121988.68,Medium
DistanceFromHome,0.368,Increases Risk,56,5,0,0,0.07472873222173222,121988.68,Medium
YearsInCurrentRole,-0.691,Reduces Risk,56,1,0,0,0.07472873222173222,121988.68,Medium
Travels Rarely,-0.622,Reduces Risk,56,2,0,0,0.07472873222173222,121988.68,Medium
YearsWithCurrManager,-0.547,Reduces Risk,56,3,0,0,0.07472873222173222,121988.68,Medium
Single,-0.475,Reduces Risk,56,4,0,0,0.07472873222173222,121988.68,Medium
Overtime,-0.409,Reduces Risk,56,5,0,0,0.07472873222173222,121988.68,Medium
Laboratory Technician,1.794,Increases Risk,1206,1,0,0,0.011145244959416364,5155.79,Low
Single,0.883,Increases Risk,1206,2,0,0,0.011145244959416364,5155.79,Low
YearsSinceLastPromotion,0.49,Increases Risk,1206,3,0,0,0.011145244959416364,5155.79,Low
Age,0.258,Increases Risk,1206,4,0,0,0.011145244959416364,5155.79,Low
Life Sciences,0.219,Increases Risk,1206,5,0,0,0.011145244959416364,5155.79,Low
Travels Rarely,-0.622,Reduces Risk,1206,1,0,0,0.011145244959416364,5155.79,Low
EnvironmentSatisfaction,-0.588,Reduces Risk,1206,2,0,0,0.011145244959416364,5155.79,Low
YearsInCurrentRole,-0.513,Reduces Risk,1206,3,0,0,0.011145244959416364,5155.79,Low
JobSatisfaction,-0.51,Reduces Risk,1206,4,0,0,0.011145244959416364,5155.79,Low
Travels Frequently,-0.49,Reduces Risk,1206,5,0,0,0.011145244959416364,5155.79,Low
Laboratory Technician,1.794,Increases Risk,1050,1,0,0,0.11614892435272167,76790.7,Medium
Travels Frequently,1.326,Increases Risk,1050,2,0,0,0.11614892435272167,76790.7,Medium
Single,0.883,Increases Risk,1050,3,0,0,0.11614892435272167,76790.7,Medium
YearsAtCompany,0.598,Increases Risk,1050,4,0,0,0.11614892435272167,76790.7,Medium
EnvironmentSatisfaction,0.55,Increases Risk,1050,5,0,0,0.11614892435272167,76790.7,Medium
YearsInCurrentRole,-0.868,Reduces Risk,1050,1,0,0,0.11614892435272167,76790.7,Medium
Travels Rarely,-0.622,Reduces Risk,1050,2,0,0,0.11614892435272167,76790.7,Medium
YearsWithCurrManager,-0.547,Reduces Risk,1050,3,0,0,0.11614892435272167,76790.7,Medium
JobSatisfaction,-0.51,Reduces Risk,1050,4,0,0,0.11614892435272167,76790.7,Medium
Overtime,-0.409,Reduces Risk,1050,5,0,0,0.11614892435272167,76790.7,Medium
YearsAtCompany,2.465,Increases Risk,411,1,0,0,0.08172124235378565,287812.41,High
YearsSinceLastPromotion,1.454,Increases Risk,411,2,0,0,0.08172124235378565,287812.41,High
JobSatisfaction,0.676,Increases Risk,411,3,0,0,0.08172124235378565,287812.41,High
WorkLifeBalance,0.589,Increases Risk,411,4,0,0,0.08172124235378565,287812.41,High
EstimatedMonthlySalary,0.568,Increases Risk,411,5,0,0,0.08172124235378565,287812.41,High
TotalWorkingYears,-1.338,Reduces Risk,411,1,0,0,0.08172124235378565,287812.41,High
YearsWithCurrManager,-0.81,Reduces Risk,411,2,0,0,0.08172124235378565,287812.41,High
YearsInCurrentRole,-0.691,Reduces Risk,411,3,0,0,0.08172124235378565,287812.41,High
Age,-0.645,Reduces Risk,411,4,0,0,0.08172124235378565,287812.41,High
Travels Frequently,-0.49,Reduces Risk,411,5,0,0,0.08172124235378565,287812.41,High
YearsSinceLastPromotion,1.776,Increases Risk,1093,1,0,0,0.18870765331942468,343885.73,High
Overtime,1.744,Increases Risk,1093,2,0,0,0.18870765331942468,343885.73,High
YearsAtCompany,1.477,Increases Risk,1093,3,0,0,0.18870765331942468,343885.73,High
Travels Frequently,1.326,Increases Risk,1093,4,0,0,0.18870765331942468,343885.73,High
WorkLifeBalance,0.589,Increases Risk,1093,5,0,0,0.18870765331942468,343885.73,High
TotalWorkingYears,-0.805,Reduces Risk,1093,1,0,0,0.18870765331942468,343885.73,High
YearsInCurrentRole,-0.691,Reduces Risk,1093,2,0,0,0.18870765331942468,343885.73,High
YearsWithCurrManager,-0.679,Reduces Risk,1093,3,0,0,0.18870765331942468,343885.73,High
Travels Rarely,-0.622,Reduces Risk,1093,4,0,0,0.18870765331942468,343885.73,High
EnvironmentSatisfaction,-0.588,Reduces Risk,1093,5,0,0,0.18870765331942468,343885.73,High
JobRole_Sales Representative,1.949,Increases Risk,415,1,1,0,0.17751503971161484,75120.81,Medium
Travels Frequently,1.326,Increases Risk,415,2,1,0,0.17751503971161484,75120.81,Medium
JobInvolvement,0.819,Increases Risk,415,3,1,0,0.17751503971161484,75120.81,Medium
YearsWithCurrManager,0.503,Increases Risk,415,4,1,0,0.17751503971161484,75120.81,Medium
TotalWorkingYears,0.438,Increases Risk,415,5,1,0,0.17751503971161484,75120.81,Medium
Travels Rarely,-0.622,Reduces Risk,415,1,1,0,0.17751503971161484,75120.81,Medium
EnvironmentSatisfaction,-0.588,Reduces Risk,415,2,1,0,0.17751503971161484,75120.81,Medium
NumCompaniesWorked,-0.524,Reduces Risk,415,3,1,0,0.17751503971161484,75120.81,Medium
YearsAtCompany,-0.5,Reduces Risk,415,4,1,0,0.17751503971161484,75120.81,Medium
Single,-0.475,Reduces Risk,415,5,1,0,0.17751503971161484,75120.81,Medium
Laboratory Technician,1.794,Increases Risk,965,1,0,0,0.031366322497972464,20714.95,Low
DistanceFromHome,0.41,Increases Risk,965,2,0,0,0.031366322497972464,20714.95,Low
YearsInCurrentRole,0.375,Increases Risk,965,3,0,0,0.031366322497972464,20714.95,Low
Travels Rarely,0.35,Increases Risk,965,4,0,0,0.031366322497972464,20714.95,Low
Age,0.284,Increases Risk,965,5,0,0,0.031366322497972464,20714.95,Low
EnvironmentSatisfaction,-0.588,Reduces Risk,965,1,0,0,0.031366322497972464,20714.95,Low
TrainingTimesLastYear,-0.523,Reduces Risk,965,2,0,0,0.031366322497972464,20714.95,Low
JobSatisfaction,-0.51,Reduces Risk,965,3,0,0,0.031366322497972464,20714.95,Low
Travels Frequently,-0.49,Reduces Risk,965,4,0,0,0.031366322497972464,20714.95,Low
Single,-0.475,Reduces Risk,965,5,0,0,0.031366322497972464,20714.95,Low
NumCompaniesWorked,0.903,Increases Risk,811,1,0,0,0.24321487826815896,321817.06,High
Single,0.883,Increases Risk,811,2,0,0,0.24321487826815896,321817.06,High
YearsInCurrentRole,0.73,Increases Risk,811,3,0,0,0.24321487826815896,321817.06,High
Sales Executive,0.696,Increases Risk,811,4,0,0,0.24321487826815896,321817.06,High
YearsWithCurrManager,0.503,Increases Risk,811,5,0,0,0.24321487826815896,321817.06,High
YearsAtCompany,-0.609,Reduces Risk,811,1,0,0,0.24321487826815896,321817.06,High
EnvironmentSatisfaction,-0.588,Reduces Risk,811,2,0,0,0.24321487826815896,321817.06,High
Travels Frequently,-0.49,Reduces Risk,811,3,0,0,0.24321487826815896,321817.06,High
Overtime,-0.409,Reduces Risk,811,4,0,0,0.24321487826815896,321817.06,High
YearsSinceLastPromotion,-0.313,Reduces Risk,811,5,0,0,0.24321487826815896,321817.06,High
Single,0.883,Increases Risk,1463,1,0,0,0.02648404479877929,47366.18,Medium
JobSatisfaction,0.676,Increases Risk,1463,2,0,0,0.02648404479877929,47366.18,Medium
Manufacturing Director,0.541,Increases Risk,1463,3,0,0,0.02648404479877929,47366.18,Medium
YearsAtCompany,0.269,Increases Risk,1463,4,0,0,0.02648404479877929,47366.18,Medium
Life Sciences,0.219,Increases Risk,1463,5,0,0,0.02648404479877929,47366.18,Medium
Travels Rarely,-0.622,Reduces Risk,1463,1,0,0,0.02648404479877929,47366.18,Medium
NumCompaniesWorked,-0.524,Reduces Risk,1463,2,0,0,0.02648404479877929,47366.18,Medium
Travels Frequently,-0.49,Reduces Risk,1463,3,0,0,0.02648404479877929,47366.18,Medium
YearsWithCurrManager,-0.416,Reduces Risk,1463,4,0,0,0.02648404479877929,47366.18,Medium
Overtime,-0.409,Reduces Risk,1463,5,0,0,0.02648404479877929,47366.18,Medium
Laboratory Technician,1.794,Increases Risk,426,1,0,0,0.018390700903709638,8487.68,Low
Single,0.883,Increases Risk,426,2,0,0,0.018390700903709638,8487.68,Low
YearsSinceLastPromotion,0.651,Increases Risk,426,3,0,0,0.018390700903709638,8487.68,Low
YearsAtCompany,0.489,Increases Risk,426,4,0,0,0.018390700903709638,8487.68,Low
WorkLifeBalance,0.221,Increases Risk,426,5,0,0,0.018390700903709638,8487.68,Low
Travels Rarely,-0.622,Reduces Risk,426,1,0,0,0.018390700903709638,8487.68,Low
NumCompaniesWorked,-0.524,Reduces Risk,426,2,0,0,0.018390700903709638,8487.68,Low
YearsInCurrentRole,-0.513,Reduces Risk,426,3,0,0,0.018390700903709638,8487.68,Low
JobSatisfaction,-0.51,Reduces Risk,426,4,0,0,0.018390700903709638,8487.68,Low
Travels Frequently,-0.49,Reduces Risk,426,5,0,0,0.018390700903709638,8487.68,Low
Single,0.883,Increases Risk,358,1,0,0,0.011348371747541414,13590.13,Low
YearsInCurrentRole,0.73,Increases Risk,358,2,0,0,0.011348371747541414,13590.13,Low
Sales Executive,0.696,Increases Risk,358,3,0,0,0.011348371747541414,13590.13,Low
YearsWithCurrManager,0.503,Increases Risk,358,4,0,0,0.011348371747541414,13590.13,Low
Sales Department,0.404,Increases Risk,358,5,0,0,0.011348371747541414,13590.13,Low
Travels Rarely,-0.622,Reduces Risk,358,1,0,0,0.011348371747541414,13590.13,Low
YearsAtCompany,-0.609,Reduces Risk,358,2,0,0,0.011348371747541414,13590.13,Low
EnvironmentSatisfaction,-0.588,Reduces Risk,358,3,0,0,0.011348371747541414,13590.13,Low
TrainingTimesLastYear,-0.523,Reduces Risk,358,4,0,0,0.011348371747541414,13590.13,Low
JobSatisfaction,-0.51,Reduces Risk,358,5,0,0,0.011348371747541414,13590.13,Low
YearsSinceLastPromotion,1.454,Increases Risk,978,1,0,0,0.0023094740873599784,2650.95,Low
YearsAtCompany,0.598,Increases Risk,978,2,0,0,0.0023094740873599784,2650.95,Low
NumCompaniesWorked,0.495,Increases Risk,978,3,0,0,0.0023094740873599784,2650.95,Low
TrainingTimesLastYear,0.434,Increases Risk,978,4,0,0,0.0023094740873599784,2650.95,Low
Travels Rarely,0.35,Increases Risk,978,5,0,0,0.0023094740873599784,2650.95,Low
YearsInCurrentRole,-1.223,Reduces Risk,978,1,0,0,0.0023094740873599784,2650.95,Low
JobInvolvement,-0.61,Reduces Risk,978,2,0,0,0.0023094740873599784,2650.95,Low
YearsWithCurrManager,-0.547,Reduces Risk,978,3,0,0,0.0023094740873599784,2650.95,Low
Travels Frequently,-0.49,Reduces Risk,978,4,0,0,0.0023094740873599784,2650.95,Low
Single,-0.475,Reduces Risk,978,5,0,0,0.0023094740873599784,2650.95,Low
Human Resources,1.787,Increases Risk,310,1,0,1,0.5416911745543911,625003.28,High
JobSatisfaction,0.676,Increases Risk,310,2,0,1,0.5416911745543911,625003.28,High
EnvironmentSatisfaction,0.55,Increases Risk,310,3,0,1,0.5416911745543911,625003.28,High
YearsWithCurrManager,0.503,Increases Risk,310,4,0,1,0.5416911745543911,625003.28,High
YearsInCurrentRole,0.375,Increases Risk,310,5,0,1,0.5416911745543911,625003.28,High
YearsAtCompany,-0.5,Reduces Risk,310,1,0,1,0.5416911745543911,625003.28,High
Travels Frequently,-0.49,Reduces Risk,310,2,0,1,0.5416911745543911,625003.28,High
Single,-0.475,Reduces Risk,310,3,0,1,0.5416911745543911,625003.28,High
Overtime,-0.409,Reduces Risk,310,4,0,1,0.5416911745543911,625003.28,High
DistanceFromHome,-0.297,Reduces Risk,310,5,0,1,0.5416911745543911,625003.28,High
Travels Rarely,0.35,Increases Risk,1054,1,0,0,0.00042794235155245864,806.19,Low
JobSatisfaction,0.281,Increases Risk,1054,2,0,0,0.00042794235155245864,806.19,Low
Medical,0.21,Increases Risk,1054,3,0,0,0.00042794235155245864,806.19,Low
EstimatedMonthlySalary,0.195,Increases Risk,1054,4,0,0,0.00042794235155245864,806.19,Low
YearsAtCompany,0.159,Increases Risk,1054,5,0,0,0.00042794235155245864,806.19,Low
TotalWorkingYears,-1.101,Reduces Risk,1054,1,0,0,0.00042794235155245864,806.19,Low
YearsInCurrentRole,-0.513,Reduces Risk,1054,2,0,0,0.00042794235155245864,806.19,Low
Travels Frequently,-0.49,Reduces Risk,1054,3,0,0,0.00042794235155245864,806.19,Low
Single,-0.475,Reduces Risk,1054,4,0,0,0.00042794235155245864,806.19,Low
YearsWithCurrManager,-0.416,Reduces Risk,1054,5,0,0,0.00042794235155245864,806.19,Low
Laboratory Technician,1.794,Increases Risk,99,1,0,0,0.04013836986713818,14753.26,Low
DistanceFromHome,0.576,Increases Risk,99,2,0,0,0.04013836986713818,14753.26,Low
YearsInCurrentRole,0.375,Increases Risk,99,3,0,0,0.04013836986713818,14753.26,Low
NumCompaniesWorked,0.291,Increases Risk,99,4,0,0,0.04013836986713818,14753.26,Low
JobSatisfaction,0.281,Increases Risk,99,5,0,0,0.04013836986713818,14753.26,Low
Travels Rarely,-0.622,Reduces Risk,99,1,0,0,0.04013836986713818,14753.26,Low
WorkLifeBalance,-0.515,Reduces Risk,99,2,0,0,0.04013836986713818,14753.26,Low
Travels Frequently,-0.49,Reduces Risk,99,3,0,0,0.04013836986713818,14753.26,Low
Single,-0.475,Reduces Risk,99,4,0,0,0.04013836986713818,14753.26,Low
Overtime,-0.409,Reduces Risk,99,5,0,0,0.04013836986713818,14753.26,Low
Laboratory Technician,1.794,Increases Risk,479,1,1,1,0.5244706632654926,272452.02,High
Overtime,1.744,Increases Risk,479,2,1,1,0.5244706632654926,272452.02,High
Travels Frequently,1.326,Increases Risk,479,3,1,1,0.5244706632654926,272452.02,High
EnvironmentSatisfaction,0.55,Increases Risk,479,4,1,1,0.5244706632654926,272452.02,High
Age,0.311,Increases Risk,479,5,1,1,0.5244706632654926,272452.02,High
Travels Rarely,-0.622,Reduces Risk,479,1,1,1,0.5244706632654926,272452.02,High
Single,-0.475,Reduces Risk,479,2,1,1,0.5244706632654926,272452.02,High
Life Sciences,-0.373,Reduces Risk,479,3,1,1,0.5244706632654926,272452.02,High
NumCompaniesWorked,-0.32,Reduces Risk,479,4,1,1,0.5244706632654926,272452.02,High
Male,-0.296,Reduces Risk,479,5,1,1,0.5244706632654926,272452.02,High
Overtime,1.744,Increases Risk,275,1,0,0,0.0032486964257207726,7954.56,Low
EnvironmentSatisfaction,0.55,Increases Risk,275,2,0,0,0.0032486964257207726,7954.56,Low
YearsInCurrentRole,0.375,Increases Risk,275,3,0,0,0.0032486964257207726,7954.56,Low
EstimatedMonthlySalary,0.323,Increases Risk,275,4,0,0,0.0032486964257207726,7954.56,Low
RelationshipSatisfaction,0.267,Increases Risk,275,5,0,0,0.0032486964257207726,7954.56,Low
JobRole_Research Director,-1.125,Reduces Risk,275,1,0,0,0.0032486964257207726,7954.56,Low
Travels Rarely,-0.622,Reduces Risk,275,2,0,0,0.0032486964257207726,7954.56,Low
JobSatisfaction,-0.51,Reduces Risk,275,3,0,0,0.0032486964257207726,7954.56,Low
Travels Frequently,-0.49,Reduces Risk,275,4,0,0,0.0032486964257207726,7954.56,Low
Single,-0.475,Reduces Risk,275,5,0,0,0.0032486964257207726,7954.56,Low
Travels Frequently,1.326,Increases Risk,1057,1,1,1,0.918961680088295,953606.54,High
Single,0.883,Increases Risk,1057,2,1,1,0.918961680088295,953606.54,High
Sales Executive,0.696,Increases Risk,1057,3,1,1,0.918961680088295,953606.54,High
WorkLifeBalance,0.589,Increases Risk,1057,4,1,1,0.918961680088295,953606.54,High
EnvironmentSatisfaction,0.55,Increases Risk,1057,5,1,1,0.918961680088295,953606.54,High
Travels Rarely,-0.622,Reduces Risk,1057,1,1,1,0.918961680088295,953606.54,High
Overtime,-0.409,Reduces Risk,1057,2,1,1,0.918961680088295,953606.54,High
YearsSinceLastPromotion,-0.313,Reduces Risk,1057,3,1,1,0.918961680088295,953606.54,High
Male,-0.296,Reduces Risk,1057,4,1,1,0.918961680088295,953606.54,High
Laboratory Technician,-0.268,Reduces Risk,1057,5,1,1,0.918961680088295,953606.54,High
Travels Frequently,1.326,Increases Risk,1418,1,0,0,0.15530188929620137,148745.04,High
YearsSinceLastPromotion,0.812,Increases Risk,1418,2,0,0,0.15530188929620137,148745.04,High
EnvironmentSatisfaction,0.55,Increases Risk,1418,3,0,0,0.15530188929620137,148745.04,High
Manufacturing Director,0.541,Increases Risk,1418,4,0,0,0.15530188929620137,148745.04,High
JobInvolvement,0.343,Increases Risk,1418,5,0,0,0.15530188929620137,148745.04,High
Travels Rarely,-0.622,Reduces Risk,1418,1,0,0,0.15530188929620137,148745.04,High
Single,-0.475,Reduces Risk,1418,2,0,0,0.15530188929620137,148745.04,High
YearsWithCurrManager,-0.416,Reduces Risk,1418,3,0,0,0.15530188929620137,148745.04,High
Overtime,-0.409,Reduces Risk,1418,4,0,0,0.15530188929620137,148745.04,High
Life Sciences,-0.373,Reduces Risk,1418,5,0,0,0.15530188929620137,148745.04,High
Overtime,1.744,Increases Risk,889,1,0,0,0.3647777982115878,146750.11,High
Research Scientist,0.75,Increases Risk,889,2,0,0,0.3647777982115878,146750.11,High
JobSatisfaction,0.676,Increases Risk,889,3,0,0,0.3647777982115878,146750.11,High
YearsSinceLastPromotion,0.651,Increases Risk,889,4,0,0,0.3647777982115878,146750.11,High
EnvironmentSatisfaction,0.55,Increases Risk,889,5,0,0,0.3647777982115878,146750.11,High
YearsWithCurrManager,-0.547,Reduces Risk,889,1,0,0,0.3647777982115878,146750.11,High
YearsInCurrentRole,-0.513,Reduces Risk,889,2,0,0,0.3647777982115878,146750.11,High
Travels Frequently,-0.49,Reduces Risk,889,3,0,0,0.3647777982115878,146750.11,High
Single,-0.475,Reduces Risk,889,4,0,0,0.3647777982115878,146750.11,High
Life Sciences,-0.373,Reduces Risk,889,5,0,0,0.3647777982115878,146750.11,High
NumCompaniesWorked,0.903,Increases Risk,1013,1,0,0,0.052486794387191955,45150.19,Medium
Sales Executive,0.696,Increases Risk,1013,2,0,0,0.052486794387191955,45150.19,Medium
JobSatisfaction,0.676,Increases Risk,1013,3,0,0,0.052486794387191955,45150.19,Medium
Sales Department,0.404,Increases Risk,1013,4,0,0,0.052486794387191955,45150.19,Medium
YearsInCurrentRole,0.375,Increases Risk,1013,5,0,0,0.052486794387191955,45150.19,Medium
EnvironmentSatisfaction,-0.588,Reduces Risk,1013,1,0,0,0.052486794387191955,45150.19,Medium
Travels Frequently,-0.49,Reduces Risk,1013,2,0,0,0.052486794387191955,45150.19,Medium
Single,-0.475,Reduces Risk,1013,3,0,0,0.052486794387191955,45150.19,Medium
Overtime,-0.409,Reduces Risk,1013,4,0,0,0.052486794387191955,45150.19,Medium
YearsAtCompany,-0.39,Reduces Risk,1013,5,0,0,0.052486794387191955,45150.19,Medium
Research Scientist,0.75,Increases Risk,1101,1,0,0,0.03631326116964953,38420.88,Medium
YearsInCurrentRole,0.552,Increases Risk,1101,2,0,0,0.03631326116964953,38420.88,Medium
Travels Rarely,0.35,Increases Risk,1101,3,0,0,0.03631326116964953,38420.88,Medium
JobInvolvement,0.343,Increases Risk,1101,4,0,0,0.03631326116964953,38420.88,Medium
JobSatisfaction,0.281,Increases Risk,1101,5,0,0,0.03631326116964953,38420.88,Medium
EnvironmentSatisfaction,-0.588,Reduces Risk,1101,1,0,0,0.03631326116964953,38420.88,Medium
Travels Frequently,-0.49,Reduces Risk,1101,2,0,0,0.03631326116964953,38420.88,Medium
Single,-0.475,Reduces Risk,1101,3,0,0,0.03631326116964953,38420.88,Medium
Overtime,-0.409,Reduces Risk,1101,4,0,0,0.03631326116964953,38420.88,Medium
Life Sciences,-0.373,Reduces Risk,1101,5,0,0,0.03631326116964953,38420.88,Medium
Overtime,1.744,Increases Risk,888,1,0,0,0.08999184095385636,168092.16,High
YearsAtCompany,0.708,Increases Risk,888,2,0,0,0.08999184095385636,168092.16,High
Sales Executive,0.696,Increases Risk,888,3,0,0,0.08999184095385636,168092.16,High
Sales Department,0.404,Increases Risk,888,4,0,0,0.08999184095385636,168092.16,High
YearsInCurrentRole,0.375,Increases Risk,888,5,0,0,0.08999184095385636,168092.16,High
YearsWithCurrManager,-1.073,Reduces Risk,888,1,0,0,0.08999184095385636,168092.16,High
Travels Rarely,-0.622,Reduces Risk,888,2,0,0,0.08999184095385636,168092.16,High
TrainingTimesLastYear,-0.523,Reduces Risk,888,3,0,0,0.08999184095385636,168092.16,High
JobSatisfaction,-0.51,Reduces Risk,888,4,0,0,0.08999184095385636,168092.16,High
Travels Frequently,-0.49,Reduces Risk,888,5,0,0,0.08999184095385636,168092.16,High
Single,0.883,Increases Risk,712,1,0,0,0.05551768372396556,34496.47,Medium
Research Scientist,0.75,Increases Risk,712,2,0,0,0.05551768372396556,34496.47,Medium
YearsInCurrentRole,0.375,Increases Risk,712,3,0,0,0.05551768372396556,34496.47,Medium
Travels Rarely,0.35,Increases Risk,712,4,0,0,0.05551768372396556,34496.47,Medium
TotalWorkingYears,0.32,Increases Risk,712,5,0,0,0.05551768372396556,34496.47,Medium
JobSatisfaction,-0.51,Reduces Risk,712,1,0,0,0.05551768372396556,34496.47,Medium
Travels Frequently,-0.49,Reduces Risk,712,2,0,0,0.05551768372396556,34496.47,Medium
Overtime,-0.409,Reduces Risk,712,3,0,0,0.05551768372396556,34496.47,Medium
YearsAtCompany,-0.39,Reduces Risk,712,4,0,0,0.05551768372396556,34496.47,Medium
Life Sciences,-0.373,Reduces Risk,712,5,0,0,0.05551768372396556,34496.47,Medium
Laboratory Technician,1.794,Increases Risk,601,1,0,1,0.678769220744745,622377.07,High
Travels Frequently,1.326,Increases Risk,601,2,0,1,0.678769220744745,622377.07,High
Single,0.883,Increases Risk,601,3,0,1,0.678769220744745,622377.07,High
YearsInCurrentRole,0.73,Increases Risk,601,4,0,1,0.678769220744745,622377.07,High
NumCompaniesWorked,0.699,Increases Risk,601,5,0,1,0.678769220744745,622377.07,High
Travels Rarely,-0.622,Reduces Risk,601,1,0,1,0.678769220744745,622377.07,High
YearsAtCompany,-0.609,Reduces Risk,601,2,0,1,0.678769220744745,622377.07,High
TrainingTimesLastYear,-0.523,Reduces Risk,601,3,0,1,0.678769220744745,622377.07,High
Overtime,-0.409,Reduces Risk,601,4,0,1,0.678769220744745,622377.07,High
Medical,-0.343,Reduces Risk,601,5,0,1,0.678769220744745,622377.07,High
Sales Executive,0.696,Increases Risk,482,1,1,0,0.17050087717691337,129911.44,Medium
JobSatisfaction,0.676,Increases Risk,482,2,1,0,0.17050087717691337,129911.44,Medium
WorkLifeBalance,0.589,Increases Risk,482,3,1,0,0.17050087717691337,129911.44,Medium
YearsInCurrentRole,0.552,Increases Risk,482,4,1,0,0.17050087717691337,129911.44,Medium
Sales Department,0.404,Increases Risk,482,5,1,0,0.17050087717691337,129911.44,Medium
Travels Frequently,-0.49,Reduces Risk,482,1,1,0,0.17050087717691337,129911.44,Medium
Single,-0.475,Reduces Risk,482,2,1,0,0.17050087717691337,129911.44,Medium
Overtime,-0.409,Reduces Risk,482,3,1,0,0.17050087717691337,129911.44,Medium
YearsAtCompany,-0.39,Reduces Risk,482,4,1,0,0.17050087717691337,129911.44,Medium
Medical,-0.343,Reduces Risk,482,5,1,0,0.17050087717691337,129911.44,Medium
Travels Frequently,1.326,Increases Risk,936,1,0,0,0.06351717896008763,206493.08,High
Single,0.883,Increases Risk,936,2,0,0,0.06351717896008763,206493.08,High
YearsInCurrentRole,0.73,Increases Risk,936,3,0,0,0.06351717896008763,206493.08,High
DistanceFromHome,0.66,Increases Risk,936,4,0,0,0.06351717896008763,206493.08,High
EstimatedMonthlySalary,0.507,Increases Risk,936,5,0,0,0.06351717896008763,206493.08,High
YearsAtCompany,-0.719,Reduces Risk,936,1,0,0,0.06351717896008763,206493.08,High
TotalWorkingYears,-0.687,Reduces Risk,936,2,0,0,0.06351717896008763,206493.08,High
Travels Rarely,-0.622,Reduces Risk,936,3,0,0,0.06351717896008763,206493.08,High
Overtime,-0.409,Reduces Risk,936,4,0,0,0.06351717896008763,206493.08,High
Medical,-0.343,Reduces Risk,936,5,0,0,0.06351717896008763,206493.08,High
Single,0.883,Increases Risk,1384,1,0,0,0.13856749254489795,246627.97,High
YearsAtCompany,0.818,Increases Risk,1384,2,0,0,0.13856749254489795,246627.97,High
Sales Executive,0.696,Increases Risk,1384,3,0,0,0.13856749254489795,246627.97,High
EnvironmentSatisfaction,0.55,Increases Risk,1384,4,0,0,0.13856749254489795,246627.97,High
Sales Department,0.404,Increases Risk,1384,5,0,0,0.13856749254489795,246627.97,High
YearsInCurrentRole,-0.691,Reduces Risk,1384,1,0,0,0.13856749254489795,246627.97,High
JobSatisfaction,-0.51,Reduces Risk,1384,2,0,0,0.13856749254489795,246627.97,High
Travels Frequently,-0.49,Reduces Risk,1384,3,0,0,0.13856749254489795,246627.97,High
Overtime,-0.409,Reduces Risk,1384,4,0,0,0.13856749254489795,246627.97,High
DistanceFromHome,-0.339,Reduces Risk,1384,5,0,0,0.13856749254489795,246627.97,High
Laboratory Technician,1.794,Increases Risk,824,1,0,1,0.5593941865353688,430151.75,High
Single,0.883,Increases Risk,824,2,0,1,0.5593941865353688,430151.75,High
DistanceFromHome,0.826,Increases Risk,824,3,0,1,0.5593941865353688,430151.75,High
JobInvolvement,0.819,Increases Risk,824,4,0,1,0.5593941865353688,430151.75,High
YearsInCurrentRole,0.73,Increases Risk,824,5,0,1,0.5593941865353688,430151.75,High
YearsAtCompany,-0.609,Reduces Risk,824,1,0,1,0.5593941865353688,430151.75,High
JobSatisfaction,-0.51,Reduces Risk,824,2,0,1,0.5593941865353688,430151.75,High
Travels Frequently,-0.49,Reduces Risk,824,3,0,1,0.5593941865353688,430151.75,High
Overtime,-0.409,Reduces Risk,824,4,0,1,0.5593941865353688,430151.75,High
Medical,-0.343,Reduces Risk,824,5,0,1,0.5593941865353688,430151.75,High
Laboratory Technician,1.794,Increases Risk,1155,1,0,0,0.005849719772995277,3231.5,Low
YearsAtCompany,0.379,Increases Risk,1155,2,0,0,0.005849719772995277,3231.5,Low
Travels Rarely,0.35,Increases Risk,1155,3,0,0,0.005849719772995277,3231.5,Low
JobInvolvement,0.343,Increases Risk,1155,4,0,0,0.005849719772995277,3231.5,Low
Life Sciences,0.219,Increases Risk,1155,5,0,0,0.005849719772995277,3231.5,Low
YearsInCurrentRole,-0.691,Reduces Risk,1155,1,0,0,0.005849719772995277,3231.5,Low
NumCompaniesWorked,-0.524,Reduces Risk,1155,2,0,0,0.005849719772995277,3231.5,Low
Travels Frequently,-0.49,Reduces Risk,1155,3,0,0,0.005849719772995277,3231.5,Low
Single,-0.475,Reduces Risk,1155,4,0,0,0.005849719772995277,3231.5,Low
YearsWithCurrManager,-0.416,Reduces Risk,1155,5,0,0,0.005849719772995277,3231.5,Low
YearsAtCompany,0.708,Increases Risk,1441,1,0,0,0.00021127397520508871,239.81,Low
RelationshipSatisfaction,0.267,Increases Risk,1441,2,0,0,0.00021127397520508871,239.81,Low
WorkLifeBalance,0.221,Increases Risk,1441,3,0,0,0.00021127397520508871,239.81,Low
Medical,0.21,Increases Risk,1441,4,0,0,0.00021127397520508871,239.81,Low
Male,0.153,Increases Risk,1441,5,0,0,0.00021127397520508871,239.81,Low
YearsInCurrentRole,-1.401,Reduces Risk,1441,1,0,0,0.00021127397520508871,239.81,Low
YearsWithCurrManager,-0.679,Reduces Risk,1441,2,0,0,0.00021127397520508871,239.81,Low
Travels Rarely,-0.622,Reduces Risk,1441,3,0,0,0.00021127397520508871,239.81,Low
Age,-0.539,Reduces Risk,1441,4,0,0,0.00021127397520508871,239.81,Low
Travels Frequently,-0.49,Reduces Risk,1441,5,0,0,0.00021127397520508871,239.81,Low
Laboratory Technician,1.794,Increases Risk,796,1,1,0,0.1692192442632819,112425.88,Medium
Overtime,1.744,Increases Risk,796,2,1,0,0.1692192442632819,112425.88,Medium
YearsSinceLastPromotion,0.49,Increases Risk,796,3,1,0,0.1692192442632819,112425.88,Medium
Technical Degree,0.428,Increases Risk,796,4,1,0,0.1692192442632819,112425.88,Medium
Travels Rarely,0.35,Increases Risk,796,5,1,0,0.1692192442632819,112425.88,Medium
EnvironmentSatisfaction,-0.588,Reduces Risk,796,1,1,0,0.1692192442632819,112425.88,Medium
WorkLifeBalance,-0.515,Reduces Risk,796,2,1,0,0.1692192442632819,112425.88,Medium
YearsInCurrentRole,-0.513,Reduces Risk,796,3,1,0,0.1692192442632819,112425.88,Medium
JobSatisfaction,-0.51,Reduces Risk,796,4,1,0,0.1692192442632819,112425.88,Medium
Travels Frequently,-0.49,Reduces Risk,796,5,1,0,0.1692192442632819,112425.88,Medium
Overtime,1.744,Increases Risk,743,1,0,0,0.05954997164383132,147128.92,High
Single,0.883,Increases Risk,743,2,0,0,0.05954997164383132,147128.92,High
Manufacturing Director,0.541,Increases Risk,743,3,0,0,0.05954997164383132,147128.92,High
Travels Rarely,0.35,Increases Risk,743,4,0,0,0.05954997164383132,147128.92,High
JobInvolvement,0.343,Increases Risk,743,5,0,0,0.05954997164383132,147128.92,High
TotalWorkingYears,-1.161,Reduces Risk,743,1,0,0,0.05954997164383132,147128.92,High
Age,-0.619,Reduces Risk,743,2,0,0,0.05954997164383132,147128.92,High
JobSatisfaction,-0.51,Reduces Risk,743,3,0,0,0.05954997164383132,147128.92,High
Travels Frequently,-0.49,Reduces Risk,743,4,0,0,0.05954997164383132,147128.92,High
Life Sciences,-0.373,Reduces Risk,743,5,0,0,0.05954997164383132,147128.92,High
Overtime,1.744,Increases Risk,497,1,0,0,0.009962111009787972,34990.32,Medium
EstimatedMonthlySalary,0.566,Increases Risk,497,2,0,0,0.009962111009787972,34990.32,Medium
YearsInCurrentRole,0.375,Increases Risk,497,3,0,0,0.009962111009787972,34990.32,Medium
YearsWithCurrManager,0.372,Increases Risk,497,4,0,0,0.009962111009787972,34990.32,Medium
Travels Rarely,0.35,Increases Risk,497,5,0,0,0.009962111009787972,34990.32,Medium
TotalWorkingYears,-0.924,Reduces Risk,497,1,0,0,0.009962111009787972,34990.32,Medium
EnvironmentSatisfaction,-0.588,Reduces Risk,497,2,0,0,0.009962111009787972,34990.32,Medium
Other Education,-0.519,Reduces Risk,497,3,0,0,0.009962111009787972,34990.32,Medium
WorkLifeBalance,-0.515,Reduces Risk,497,4,0,0,0.009962111009787972,34990.32,Medium
JobSatisfaction,-0.51,Reduces Risk,497,5,0,0,0.009962111009787972,34990.32,Medium
Laboratory Technician,1.794,Increases Risk,236,1,1,0,0.099300630097655,48385.23,Medium
NumCompaniesWorked,0.903,Increases Risk,236,2,1,0,0.099300630097655,48385.23,Medium
JobSatisfaction,0.676,Increases Risk,236,3,1,0,0.099300630097655,48385.23,Medium
EnvironmentSatisfaction,0.55,Increases Risk,236,4,1,0,0.099300630097655,48385.23,Medium
Travels Rarely,0.35,Increases Risk,236,5,1,0,0.099300630097655,48385.23,Medium
WorkLifeBalance,-0.515,Reduces Risk,236,1,1,0,0.099300630097655,48385.23,Medium
YearsInCurrentRole,-0.513,Reduces Risk,236,2,1,0,0.099300630097655,48385.23,Medium
Travels Frequently,-0.49,Reduces Risk,236,3,1,0,0.099300630097655,48385.23,Medium
Single,-0.475,Reduces Risk,236,4,1,0,0.099300630097655,48385.23,Medium
YearsWithCurrManager,-0.416,Reduces Risk,236,5,1,0,0.099300630097655,48385.23,Medium
Human Resources,1.787,Increases Risk,923,1,0,0,0.02846316869914543,23003.93,Low
Travels Frequently,1.326,Increases Risk,923,2,0,0,0.02846316869914543,23003.93,Low
YearsAtCompany,0.379,Increases Risk,923,3,0,0,0.02846316869914543,23003.93,Low
JobInvolvement,0.343,Increases Risk,923,4,0,0,0.02846316869914543,23003.93,Low
NumCompaniesWorked,0.291,Increases Risk,923,5,0,0,0.02846316869914543,23003.93,Low
YearsInCurrentRole,-0.868,Reduces Risk,923,1,0,0,0.02846316869914543,23003.93,Low
Travels Rarely,-0.622,Reduces Risk,923,2,0,0,0.02846316869914543,23003.93,Low
YearsWithCurrManager,-0.547,Reduces Risk,923,3,0,0,0.02846316869914543,23003.93,Low
WorkLifeBalance,-0.515,Reduces Risk,923,4,0,0,0.02846316869914543,23003.93,Low
Single,-0.475,Reduces Risk,923,5,0,0,0.02846316869914543,23003.93,Low
Single,0.883,Increases Risk,573,1,1,1,0.6737617738259872,645921.94,High
NumCompaniesWorked,0.699,Increases Risk,573,2,1,1,0.6737617738259872,645921.94,High
Sales Executive,0.696,Increases Risk,573,3,1,1,0.6737617738259872,645921.94,High
JobSatisfaction,0.676,Increases Risk,573,4,1,1,0.6737617738259872,645921.94,High
Technical Degree,0.428,Increases Risk,573,5,1,1,0.6737617738259872,645921.94,High
EnvironmentSatisfaction,-0.588,Reduces Risk,573,1,1,1,0.6737617738259872,645921.94,High
Travels Frequently,-0.49,Reduces Risk,573,2,1,1,0.6737617738259872,645921.94,High
Overtime,-0.409,Reduces Risk,573,3,1,1,0.6737617738259872,645921.94,High
YearsAtCompany,-0.28,Reduces Risk,573,4,1,1,0.6737617738259872,645921.94,High
Laboratory Technician,-0.268,Reduces Risk,573,5,1,1,0.6737617738259872,645921.94,High
YearsAtCompany,2.026,Increases Risk,922,1,0,0,0.007091266745171292,24494.65,Low
YearsSinceLastPromotion,1.937,Increases Risk,922,2,0,0,0.007091266745171292,24494.65,Low
JobSatisfaction,0.676,Increases Risk,922,3,0,0,0.007091266745171292,24494.65,Low
EstimatedMonthlySalary,0.553,Increases Risk,922,4,0,0,0.007091266745171292,24494.65,Low
Travels Rarely,0.35,Increases Risk,922,5,0,0,0.007091266745171292,24494.65,Low
YearsWithCurrManager,-1.204,Reduces Risk,922,1,0,0,0.007091266745171292,24494.65,Low
TotalWorkingYears,-0.924,Reduces Risk,922,2,0,0,0.007091266745171292,24494.65,Low
YearsInCurrentRole,-0.868,Reduces Risk,922,3,0,0,0.007091266745171292,24494.65,Low
JobInvolvement,-0.61,Reduces Risk,922,4,0,0,0.007091266745171292,24494.65,Low
Travels Frequently,-0.49,Reduces Risk,922,5,0,0,0.007091266745171292,24494.65,Low
YearsSinceLastPromotion,0.812,Increases Risk,506,1,0,0,0.008020862306780067,13620.39,Low
Manufacturing Director,0.541,Increases Risk,506,2,0,0,0.008020862306780067,13620.39,Low
YearsAtCompany,0.379,Increases Risk,506,3,0,0,0.008020862306780067,13620.39,Low
Travels Rarely,0.35,Increases Risk,506,4,0,0,0.008020862306780067,13620.39,Low
Married,0.239,Increases Risk,506,5,0,0,0.008020862306780067,13620.39,Low
YearsWithCurrManager,-0.547,Reduces Risk,506,1,0,0,0.008020862306780067,13620.39,Low
Other Education,-0.519,Reduces Risk,506,2,0,0,0.008020862306780067,13620.39,Low
YearsInCurrentRole,-0.513,Reduces Risk,506,3,0,0,0.008020862306780067,13620.39,Low
Travels Frequently,-0.49,Reduces Risk,506,4,0,0,0.008020862306780067,13620.39,Low
Single,-0.475,Reduces Risk,506,5,0,0,0.008020862306780067,13620.39,Low
Overtime,1.744,Increases Risk,1406,1,0,0,0.38030959127301256,303943.43,High
Single,0.883,Increases Risk,1406,2,0,0,0.38030959127301256,303943.43,High
NumCompaniesWorked,0.699,Increases Risk,1406,3,0,0,0.38030959127301256,303943.43,High
JobSatisfaction,0.676,Increases Risk,1406,4,0,0,0.38030959127301256,303943.43,High
Manufacturing Director,0.541,Increases Risk,1406,5,0,0,0.38030959127301256,303943.43,High
Travels Frequently,-0.49,Reduces Risk,1406,1,0,0,0.38030959127301256,303943.43,High
Age,-0.486,Reduces Risk,1406,2,0,0,0.38030959127301256,303943.43,High
Medical,-0.343,Reduces Risk,1406,3,0,0,0.38030959127301256,303943.43,High
Male,-0.296,Reduces Risk,1406,4,0,0,0.38030959127301256,303943.43,High
Laboratory Technician,-0.268,Reduces Risk,1406,5,0,0,0.38030959127301256,303943.43,High
Research Scientist,0.75,Increases Risk,432,1,0,0,0.009163857498126671,4565.8,Low
YearsSinceLastPromotion,0.49,Increases Risk,432,2,0,0,0.009163857498126671,4565.8,Low
Travels Rarely,0.35,Increases Risk,432,3,0,0,0.009163857498126671,4565.8,Low
JobInvolvement,0.343,Increases Risk,432,4,0,0,0.009163857498126671,4565.8,Low
Medical,0.21,Increases Risk,432,5,0,0,0.009163857498126671,4565.8,Low
EnvironmentSatisfaction,-0.588,Reduces Risk,432,1,0,0,0.009163857498126671,4565.8,Low
Travels Frequently,-0.49,Reduces Risk,432,2,0,0,0.009163857498126671,4565.8,Low
Single,-0.475,Reduces Risk,432,3,0,0,0.009163857498126671,4565.8,Low
YearsWithCurrManager,-0.416,Reduces Risk,432,4,0,0,0.009163857498126671,4565.8,Low
Overtime,-0.409,Reduces Risk,432,5,0,0,0.009163857498126671,4565.8,Low
Laboratory Technician,1.794,Increases Risk,1128,1,0,1,0.6896788974387246,690478.92,High
Overtime,1.744,Increases Risk,1128,2,0,1,0.6896788974387246,690478.92,High
Travels Frequently,1.326,Increases Risk,1128,3,0,1,0.6896788974387246,690478.92,High
JobSatisfaction,0.676,Increases Risk,1128,4,0,1,0.6896788974387246,690478.92,High
EnvironmentSatisfaction,0.55,Increases Risk,1128,5,0,1,0.6896788974387246,690478.92,High
Travels Rarely,-0.622,Reduces Risk,1128,1,0,1,0.6896788974387246,690478.92,High
JobInvolvement,-0.61,Reduces Risk,1128,2,0,1,0.6896788974387246,690478.92,High
Single,-0.475,Reduces Risk,1128,3,0,1,0.6896788974387246,690478.92,High
YearsAtCompany,-0.39,Reduces Risk,1128,4,0,1,0.6896788974387246,690478.92,High
Life Sciences,-0.373,Reduces Risk,1128,5,0,1,0.6896788974387246,690478.92,High
NumCompaniesWorked,1.31,Increases Risk,208,1,0,0,0.00861348343137033,7559.88,Low
WorkLifeBalance,0.589,Increases Risk,208,2,0,0,0.00861348343137033,7559.88,Low
YearsInCurrentRole,0.375,Increases Risk,208,3,0,0,0.00861348343137033,7559.88,Low
JobInvolvement,0.343,Increases Risk,208,4,0,0,0.00861348343137033,7559.88,Low
TotalWorkingYears,0.32,Increases Risk,208,5,0,0,0.00861348343137033,7559.88,Low
Travels Rarely,-0.622,Reduces Risk,208,1,0,0,0.00861348343137033,7559.88,Low
EnvironmentSatisfaction,-0.588,Reduces Risk,208,2,0,0,0.00861348343137033,7559.88,Low
JobSatisfaction,-0.51,Reduces Risk,208,3,0,0,0.00861348343137033,7559.88,Low
Travels Frequently,-0.49,Reduces Risk,208,4,0,0,0.00861348343137033,7559.88,Low
Single,-0.475,Reduces Risk,208,5,0,0,0.00861348343137033,7559.88,Low
Travels Frequently,1.326,Increases Risk,1468,1,0,0,0.016396484107603942,15907.87,Low
Sales Executive,0.696,Increases Risk,1468,2,0,0,0.016396484107603942,15907.87,Low
Sales Department,0.404,Increases Risk,1468,3,0,0,0.016396484107603942,15907.87,Low
JobInvolvement,0.343,Increases Risk,1468,4,0,0,0.016396484107603942,15907.87,Low
JobSatisfaction,0.281,Increases Risk,1468,5,0,0,0.016396484107603942,15907.87,Low
Travels Rarely,-0.622,Reduces Risk,1468,1,0,0,0.016396484107603942,15907.87,Low
EnvironmentSatisfaction,-0.588,Reduces Risk,1468,2,0,0,0.016396484107603942,15907.87,Low
YearsWithCurrManager,-0.547,Reduces Risk,1468,3,0,0,0.016396484107603942,15907.87,Low
Single,-0.475,Reduces Risk,1468,4,0,0,0.016396484107603942,15907.87,Low
Overtime,-0.409,Reduces Risk,1468,5,0,0,0.016396484107603942,15907.87,Low
Laboratory Technician,1.794,Increases Risk,816,1,0,0,0.27244044146666846,332584.39,High
NumCompaniesWorked,1.31,Increases Risk,816,2,0,0,0.27244044146666846,332584.39,High
Single,0.883,Increases Risk,816,3,0,0,0.27244044146666846,332584.39,High
JobSatisfaction,0.281,Increases Risk,816,4,0,0,0.27244044146666846,332584.39,High
WorkLifeBalance,0.221,Increases Risk,816,5,0,0,0.27244044146666846,332584.39,High
Travels Rarely,-0.622,Reduces Risk,816,1,0,0,0.27244044146666846,332584.39,High
Travels Frequently,-0.49,Reduces Risk,816,2,0,0,0.27244044146666846,332584.39,High
Overtime,-0.409,Reduces Risk,816,3,0,0,0.27244044146666846,332584.39,High
Life Sciences,-0.373,Reduces Risk,816,4,0,0,0.27244044146666846,332584.39,High
YearsSinceLastPromotion,-0.313,Reduces Risk,816,5,0,0,0.27244044146666846,332584.39,High
YearsSinceLastPromotion,1.615,Increases Risk,535,1,0,0,0.11008604714714128,379288.27,High
YearsAtCompany,1.587,Increases Risk,535,2,0,0,0.11008604714714128,379288.27,High
EstimatedMonthlySalary,0.551,Increases Risk,535,3,0,0,0.11008604714714128,379288.27,High
Travels Rarely,0.35,Increases Risk,535,4,0,0,0.11008604714714128,379288.27,High
JobInvolvement,0.343,Increases Risk,535,5,0,0,0.11008604714714128,379288.27,High
TotalWorkingYears,-0.746,Reduces Risk,535,1,0,0,0.11008604714714128,379288.27,High
JobSatisfaction,-0.51,Reduces Risk,535,2,0,0,0.11008604714714128,379288.27,High
Travels Frequently,-0.49,Reduces Risk,535,3,0,0,0.11008604714714128,379288.27,High
Single,-0.475,Reduces Risk,535,4,0,0,0.11008604714714128,379288.27,High
StockOptionLevel,-0.459,Reduces Risk,535,5,0,0,0.11008604714714128,379288.27,High
YearsAtCompany,2.904,Increases Risk,237,1,0,1,0.5074536481475913,1741702.71,High
YearsSinceLastPromotion,2.097,Increases Risk,237,2,0,1,0.5074536481475913,1741702.71,High
Overtime,1.744,Increases Risk,237,3,0,1,0.5074536481475913,1741702.71,High
Single,0.883,Increases Risk,237,4,0,1,0.5074536481475913,1741702.71,High
EnvironmentSatisfaction,0.55,Increases Risk,237,5,0,1,0.5074536481475913,1741702.71,High
TotalWorkingYears,-1.338,Reduces Risk,237,1,0,1,0.5074536481475913,1741702.71,High
YearsWithCurrManager,-1.073,Reduces Risk,237,2,0,1,0.5074536481475913,1741702.71,High
Travels Rarely,-0.622,Reduces Risk,237,3,0,1,0.5074536481475913,1741702.71,High
WorkLifeBalance,-0.515,Reduces Risk,237,4,0,1,0.5074536481475913,1741702.71,High
YearsInCurrentRole,-0.513,Reduces Risk,237,5,0,1,0.5074536481475913,1741702.71,High
Laboratory Technician,1.794,Increases Risk,58,1,0,0,0.006020734636449746,6410.28,Low
Travels Rarely,0.35,Increases Risk,58,2,0,0,0.006020734636449746,6410.28,Low
WorkLifeBalance,0.221,Increases Risk,58,3,0,0,0.006020734636449746,6410.28,Low
Medical,0.21,Increases Risk,58,4,0,0,0.006020734636449746,6410.28,Low
Male,0.153,Increases Risk,58,5,0,0,0.006020734636449746,6410.28,Low
EnvironmentSatisfaction,-0.588,Reduces Risk,58,1,0,0,0.006020734636449746,6410.28,Low
YearsInCurrentRole,-0.513,Reduces Risk,58,2,0,0,0.006020734636449746,6410.28,Low
JobSatisfaction,-0.51,Reduces Risk,58,3,0,0,0.006020734636449746,6410.28,Low
Travels Frequently,-0.49,Reduces Risk,58,4,0,0,0.006020734636449746,6410.28,Low
Single,-0.475,Reduces Risk,58,5,0,0,0.006020734636449746,6410.28,Low
Overtime,1.744,Increases Risk,1229,1,0,0,0.1208744155070723,141771.18,High
YearsInCurrentRole,0.73,Increases Risk,1229,2,0,0,0.1208744155070723,141771.18,High
JobSatisfaction,0.676,Increases Risk,1229,3,0,0,0.1208744155070723,141771.18,High
Manufacturing Director,0.541,Increases Risk,1229,4,0,0,0.1208744155070723,141771.18,High
YearsWithCurrManager,0.503,Increases Risk,1229,5,0,0,0.1208744155070723,141771.18,High
YearsAtCompany,-0.609,Reduces Risk,1229,1,0,0,0.1208744155070723,141771.18,High
Travels Frequently,-0.49,Reduces Risk,1229,2,0,0,0.1208744155070723,141771.18,High
Single,-0.475,Reduces Risk,1229,3,0,0,0.1208744155070723,141771.18,High
TotalWorkingYears,-0.45,Reduces Risk,1229,4,0,0,0.1208744155070723,141771.18,High
Life Sciences,-0.373,Reduces Risk,1229,5,0,0,0.1208744155070723,141771.18,High
DistanceFromHome,0.784,Increases Risk,324,1,0,0,0.0018000919518343513,1871.2,Low
Research Scientist,0.75,Increases Risk,324,2,0,0,0.0018000919518343513,1871.2,Low
YearsAtCompany,0.379,Increases Risk,324,3,0,0,0.0018000919518343513,1871.2,Low
Travels Rarely,0.35,Increases Risk,324,4,0,0,0.0018000919518343513,1871.2,Low
Married,0.239,Increases Risk,324,5,0,0,0.0018000919518343513,1871.2,Low
YearsInCurrentRole,-0.691,Reduces Risk,324,1,0,0,0.0018000919518343513,1871.2,Low
YearsWithCurrManager,-0.679,Reduces Risk,324,2,0,0,0.0018000919518343513,1871.2,Low
EnvironmentSatisfaction,-0.588,Reduces Risk,324,3,0,0,0.0018000919518343513,1871.2,Low
JobSatisfaction,-0.51,Reduces Risk,324,4,0,0,0.0018000919518343513,1871.2,Low
Travels Frequently,-0.49,Reduces Risk,324,5,0,0,0.0018000919518343513,1871.2,Low
NumCompaniesWorked,1.31,Increases Risk,371,1,0,0,0.13221202207777458,52379.76,Medium
Single,0.883,Increases Risk,371,2,0,0,0.13221202207777458,52379.76,Medium
Research Scientist,0.75,Increases Risk,371,3,0,0,0.13221202207777458,52379.76,Medium
DistanceFromHome,0.576,Increases Risk,371,4,0,0,0.13221202207777458,52379.76,Medium
YearsInCurrentRole,0.375,Increases Risk,371,5,0,0,0.13221202207777458,52379.76,Medium
EnvironmentSatisfaction,-0.588,Reduces Risk,371,1,0,0,0.13221202207777458,52379.76,Medium
JobSatisfaction,-0.51,Reduces Risk,371,2,0,0,0.13221202207777458,52379.76,Medium
Travels Frequently,-0.49,Reduces Risk,371,3,0,0,0.13221202207777458,52379.76,Medium
Overtime,-0.409,Reduces Risk,371,4,0,0,0.13221202207777458,52379.76,Medium
YearsAtCompany,-0.39,Reduces Risk,371,5,0,0,0.13221202207777458,52379.76,Medium
Single,0.883,Increases Risk,700,1,1,0,0.09656905531449131,43091.04,Medium
Research Scientist,0.75,Increases Risk,700,2,1,0,0.09656905531449131,43091.04,Medium
YearsInCurrentRole,0.73,Increases Risk,700,3,1,0,0.09656905531449131,43091.04,Medium
YearsWithCurrManager,0.503,Increases Risk,700,4,1,0,0.09656905531449131,43091.04,Medium
Technical Degree,0.428,Increases Risk,700,5,1,0,0.09656905531449131,43091.04,Medium
YearsAtCompany,-0.609,Reduces Risk,700,1,1,0,0.09656905531449131,43091.04,Medium
Age,-0.592,Reduces Risk,700,2,1,0,0.09656905531449131,43091.04,Medium
EnvironmentSatisfaction,-0.588,Reduces Risk,700,3,1,0,0.09656905531449131,43091.04,Medium
Travels Frequently,-0.49,Reduces Risk,700,4,1,0,0.09656905531449131,43091.04,Medium
Overtime,-0.409,Reduces Risk,700,5,1,0,0.09656905531449131,43091.04,Medium
Overtime,1.744,Increases Risk,691,1,0,1,0.5045742688571084,328508.12,High
Travels Frequently,1.326,Increases Risk,691,2,0,1,0.5045742688571084,328508.12,High
NumCompaniesWorked,1.106,Increases Risk,691,3,0,1,0.5045742688571084,328508.12,High
Research Scientist,0.75,Increases Risk,691,4,0,1,0.5045742688571084,328508.12,High
YearsInCurrentRole,0.552,Increases Risk,691,5,0,1,0.5045742688571084,328508.12,High
Travels Rarely,-0.622,Reduces Risk,691,1,0,1,0.5045742688571084,328508.12,High
YearsAtCompany,-0.609,Reduces Risk,691,2,0,1,0.5045742688571084,328508.12,High
EnvironmentSatisfaction,-0.588,Reduces Risk,691,3,0,1,0.5045742688571084,328508.12,High
Single,-0.475,Reduces Risk,691,4,0,1,0.5045742688571084,328508.12,High
Medical,-0.343,Reduces Risk,691,5,0,1,0.5045742688571084,328508.12,High
YearsAtCompany,0.818,Increases Risk,1185,1,0,0,0.0011230448522731899,3558.41,Low
YearsSinceLastPromotion,0.651,Increases Risk,1185,2,0,0,0.0011230448522731899,3558.41,Low
EstimatedMonthlySalary,0.488,Increases Risk,1185,3,0,0,0.0011230448522731899,3558.41,Low
Travels Rarely,0.35,Increases Risk,1185,4,0,0,0.0011230448522731899,3558.41,Low
JobInvolvement,0.343,Increases Risk,1185,5,0,0,0.0011230448522731899,3558.41,Low
JobRole_Research Director,-1.125,Reduces Risk,1185,1,0,0,0.0011230448522731899,3558.41,Low
YearsInCurrentRole,-1.046,Reduces Risk,1185,2,0,0,0.0011230448522731899,3558.41,Low
YearsWithCurrManager,-0.941,Reduces Risk,1185,3,0,0,0.0011230448522731899,3558.41,Low
Travels Frequently,-0.49,Reduces Risk,1185,4,0,0,0.0011230448522731899,3558.41,Low
Single,-0.475,Reduces Risk,1185,5,0,0,0.0011230448522731899,3558.41,Low
YearsInCurrentRole,0.73,Increases Risk,628,1,0,0,0.06158204682257128,70210.92,Medium
Sales Executive,0.696,Increases Risk,628,2,0,0,0.06158204682257128,70210.92,Medium
YearsWithCurrManager,0.503,Increases Risk,628,3,0,0,0.06158204682257128,70210.92,Medium
Sales Department,0.404,Increases Risk,628,4,0,0,0.06158204682257128,70210.92,Medium
Travels Rarely,0.35,Increases Risk,628,5,0,0,0.06158204682257128,70210.92,Medium
YearsAtCompany,-0.609,Reduces Risk,628,1,0,0,0.06158204682257128,70210.92,Medium
EnvironmentSatisfaction,-0.588,Reduces Risk,628,2,0,0,0.06158204682257128,70210.92,Medium
Travels Frequently,-0.49,Reduces Risk,628,3,0,0,0.06158204682257128,70210.92,Medium
Single,-0.475,Reduces Risk,628,4,0,0,0.06158204682257128,70210.92,Medium
Overtime,-0.409,Reduces Risk,628,5,0,0,0.06158204682257128,70210.92,Medium
Overtime,1.744,Increases Risk,886,1,0,0,0.048363340688208245,31156.63,Medium
Research Scientist,0.75,Increases Risk,886,2,0,0,0.048363340688208245,31156.63,Medium
YearsSinceLastPromotion,0.49,Increases Risk,886,3,0,0,0.048363340688208245,31156.63,Medium
YearsAtCompany,0.489,Increases Risk,886,4,0,0,0.048363340688208245,31156.63,Medium
Travels Rarely,0.35,Increases Risk,886,5,0,0,0.048363340688208245,31156.63,Medium
YearsInCurrentRole,-0.868,Reduces Risk,886,1,0,0,0.048363340688208245,31156.63,Medium
EnvironmentSatisfaction,-0.588,Reduces Risk,886,2,0,0,0.048363340688208245,31156.63,Medium
NumCompaniesWorked,-0.524,Reduces Risk,886,3,0,0,0.048363340688208245,31156.63,Medium
Travels Frequently,-0.49,Reduces Risk,886,4,0,0,0.048363340688208245,31156.63,Medium
Single,-0.475,Reduces Risk,886,5,0,0,0.048363340688208245,31156.63,Medium
Research Scientist,0.75,Increases Risk,1052,1,0,0,0.025987517668238237,5959.46,Low
YearsInCurrentRole,0.73,Increases Risk,1052,2,0,0,0.025987517668238237,5959.46,Low
TotalWorkingYears,0.557,Increases Risk,1052,3,0,0,0.025987517668238237,5959.46,Low
YearsWithCurrManager,0.503,Increases Risk,1052,4,0,0,0.025987517668238237,5959.46,Low
Technical Degree,0.428,Increases Risk,1052,5,0,0,0.025987517668238237,5959.46,Low
Travels Rarely,-0.622,Reduces Risk,1052,1,0,0,0.025987517668238237,5959.46,Low
YearsAtCompany,-0.609,Reduces Risk,1052,2,0,0,0.025987517668238237,5959.46,Low
Travels Frequently,-0.49,Reduces Risk,1052,3,0,0,0.025987517668238237,5959.46,Low
Single,-0.475,Reduces Risk,1052,4,0,0,0.025987517668238237,5959.46,Low
Overtime,-0.409,Reduces Risk,1052,5,0,0,0.025987517668238237,5959.46,Low
Travels Frequently,1.326,Increases Risk,1131,1,0,0,0.1591859733066874,145072.54,High
YearsSinceLastPromotion,0.812,Increases Risk,1131,2,0,0,0.1591859733066874,145072.54,High
Technical Degree,0.428,Increases Risk,1131,3,0,0,0.1591859733066874,145072.54,High
YearsInCurrentRole,0.375,Increases Risk,1131,4,0,0,0.1591859733066874,145072.54,High
JobInvolvement,0.343,Increases Risk,1131,5,0,0,0.1591859733066874,145072.54,High
Travels Rarely,-0.622,Reduces Risk,1131,1,0,0,0.1591859733066874,145072.54,High
EnvironmentSatisfaction,-0.588,Reduces Risk,1131,2,0,0,0.1591859733066874,145072.54,High
Single,-0.475,Reduces Risk,1131,3,0,0,0.1591859733066874,145072.54,High
YearsWithCurrManager,-0.416,Reduces Risk,1131,4,0,0,0.1591859733066874,145072.54,High
Overtime,-0.409,Reduces Risk,1131,5,0,0,0.1591859733066874,145072.54,High
Travels Frequently,1.326,Increases Risk,990,1,0,0,0.13551096845953486,243870.96,High
NumCompaniesWorked,0.699,Increases Risk,990,2,0,0,0.13551096845953486,243870.96,High
Sales Executive,0.696,Increases Risk,990,3,0,0,0.13551096845953486,243870.96,High
Sales Department,0.404,Increases Risk,990,4,0,0,0.13551096845953486,243870.96,High
RelationshipSatisfaction,0.267,Increases Risk,990,5,0,0,0.13551096845953486,243870.96,High
Travels Rarely,-0.622,Reduces Risk,990,1,0,0,0.13551096845953486,243870.96,High
WorkLifeBalance,-0.515,Reduces Risk,990,2,0,0,0.13551096845953486,243870.96,High
JobSatisfaction,-0.51,Reduces Risk,990,3,0,0,0.13551096845953486,243870.96,High
Single,-0.475,Reduces Risk,990,4,0,0,0.13551096845953486,243870.96,High
Overtime,-0.409,Reduces Risk,990,5,0,0,0.13551096845953486,243870.96,High
YearsAtCompany,2.136,Increases Risk,677,1,0,0,0.08553820909800208,113983.09,Medium
Laboratory Technician,1.794,Increases Risk,677,2,0,0,0.08553820909800208,113983.09,Medium
EnvironmentSatisfaction,0.55,Increases Risk,677,3,0,0,0.08553820909800208,113983.09,Medium
Travels Rarely,0.35,Increases Risk,677,4,0,0,0.08553820909800208,113983.09,Medium
NumCompaniesWorked,0.291,Increases Risk,677,5,0,0,0.08553820909800208,113983.09,Medium
TotalWorkingYears,-1.101,Reduces Risk,677,1,0,0,0.08553820909800208,113983.09,Medium
YearsInCurrentRole,-0.868,Reduces Risk,677,2,0,0,0.08553820909800208,113983.09,Medium
Other Education,-0.519,Reduces Risk,677,3,0,0,0.08553820909800208,113983.09,Medium
Travels Frequently,-0.49,Reduces Risk,677,4,0,0,0.08553820909800208,113983.09,Medium
Single,-0.475,Reduces Risk,677,5,0,0,0.08553820909800208,113983.09,Medium
YearsInCurrentRole,0.73,Increases Risk,233,1,0,0,0.0008795700617162917,3089.98,Low
EstimatedMonthlySalary,0.566,Increases Risk,233,2,0,0,0.0008795700617162917,3089.98,Low
Sales Department,0.404,Increases Risk,233,3,0,0,0.0008795700617162917,3089.98,Low
Travels Rarely,0.35,Increases Risk,233,4,0,0,0.0008795700617162917,3089.98,Low
WorkLifeBalance,0.221,Increases Risk,233,5,0,0,0.0008795700617162917,3089.98,Low
TotalWorkingYears,-1.279,Reduces Risk,233,1,0,0,0.0008795700617162917,3089.98,Low
EnvironmentSatisfaction,-0.588,Reduces Risk,233,2,0,0,0.0008795700617162917,3089.98,Low
JobSatisfaction,-0.51,Reduces Risk,233,3,0,0,0.0008795700617162917,3089.98,Low
Travels Frequently,-0.49,Reduces Risk,233,4,0,0,0.0008795700617162917,3089.98,Low
Single,-0.475,Reduces Risk,233,5,0,0,0.0008795700617162917,3089.98,Low
YearsSinceLastPromotion,0.812,Increases Risk,423,1,0,0,0.014075316935897654,21312.28,Low
Sales Executive,0.696,Increases Risk,423,2,0,0,0.014075316935897654,21312.28,Low
JobSatisfaction,0.676,Increases Risk,423,3,0,0,0.014075316935897654,21312.28,Low
DistanceFromHome,0.535,Increases Risk,423,4,0,0,0.014075316935897654,21312.28,Low
Sales Department,0.404,Increases Risk,423,5,0,0,0.014075316935897654,21312.28,Low
YearsInCurrentRole,-0.691,Reduces Risk,423,1,0,0,0.014075316935897654,21312.28,Low
Travels Rarely,-0.622,Reduces Risk,423,2,0,0,0.014075316935897654,21312.28,Low
YearsWithCurrManager,-0.547,Reduces Risk,423,3,0,0,0.014075316935897654,21312.28,Low
NumCompaniesWorked,-0.524,Reduces Risk,423,4,0,0,0.014075316935897654,21312.28,Low
Other Education,-0.519,Reduces Risk,423,5,0,0,0.014075316935897654,21312.28,Low
Laboratory Technician,1.794,Increases Risk,196,1,0,0,0.39646629126937344,315785.4,High
Travels Frequently,1.326,Increases Risk,196,2,0,0,0.39646629126937344,315785.4,High
Single,0.883,Increases Risk,196,3,0,0,0.39646629126937344,315785.4,High
NumCompaniesWorked,0.495,Increases Risk,196,4,0,0,0.39646629126937344,315785.4,High
YearsInCurrentRole,0.375,Increases Risk,196,5,0,0,0.39646629126937344,315785.4,High
Travels Rarely,-0.622,Reduces Risk,196,1,0,0,0.39646629126937344,315785.4,High
Overtime,-0.409,Reduces Risk,196,2,0,0,0.39646629126937344,315785.4,High
TrainingTimesLastYear,-0.363,Reduces Risk,196,3,0,0,0.39646629126937344,315785.4,High
Medical,-0.343,Reduces Risk,196,4,0,0,0.39646629126937344,315785.4,High
DistanceFromHome,-0.297,Reduces Risk,196,5,0,0,0.39646629126937344,315785.4,High
NumCompaniesWorked,0.903,Increases Risk,1234,1,0,0,0.08513245847827407,76282.09,Medium
YearsInCurrentRole,0.73,Increases Risk,1234,2,0,0,0.08513245847827407,76282.09,Medium
Sales Executive,0.696,Increases Risk,1234,3,0,0,0.08513245847827407,76282.09,Medium
WorkLifeBalance,0.589,Increases Risk,1234,4,0,0,0.08513245847827407,76282.09,Medium
YearsWithCurrManager,0.503,Increases Risk,1234,5,0,0,0.08513245847827407,76282.09,Medium
Travels Rarely,-0.622,Reduces Risk,1234,1,0,0,0.08513245847827407,76282.09,Medium
YearsAtCompany,-0.609,Reduces Risk,1234,2,0,0,0.08513245847827407,76282.09,Medium
Travels Frequently,-0.49,Reduces Risk,1234,3,0,0,0.08513245847827407,76282.09,Medium
Single,-0.475,Reduces Risk,1234,4,0,0,0.08513245847827407,76282.09,Medium
Overtime,-0.409,Reduces Risk,1234,5,0,0,0.08513245847827407,76282.09,Medium
Single,0.883,Increases Risk,81,1,0,0,0.06603710990154985,33984.02,Medium
Research Scientist,0.75,Increases Risk,81,2,0,0,0.06603710990154985,33984.02,Medium
Travels Rarely,0.35,Increases Risk,81,3,0,0,0.06603710990154985,33984.02,Medium
JobInvolvement,0.343,Increases Risk,81,4,0,0,0.06603710990154985,33984.02,Medium
RelationshipSatisfaction,0.267,Increases Risk,81,5,0,0,0.06603710990154985,33984.02,Medium
Travels Frequently,-0.49,Reduces Risk,81,1,0,0,0.06603710990154985,33984.02,Medium
Overtime,-0.409,Reduces Risk,81,2,0,0,0.06603710990154985,33984.02,Medium
Medical,-0.343,Reduces Risk,81,3,0,0,0.06603710990154985,33984.02,Medium
DistanceFromHome,-0.339,Reduces Risk,81,4,0,0,0.06603710990154985,33984.02,Medium
NumCompaniesWorked,-0.32,Reduces Risk,81,5,0,0,0.06603710990154985,33984.02,Medium
Travels Frequently,1.326,Increases Risk,1377,1,0,0,0.001128927191060659,3893.65,Low
EstimatedMonthlySalary,0.552,Increases Risk,1377,2,0,0,0.001128927191060659,3893.65,Low
YearsSinceLastPromotion,0.329,Increases Risk,1377,3,0,0,0.001128927191060659,3893.65,Low
Married,0.239,Increases Risk,1377,4,0,0,0.001128927191060659,3893.65,Low
Medical,0.21,Increases Risk,1377,5,0,0,0.001128927191060659,3893.65,Low
JobRole_Research Director,-1.125,Reduces Risk,1377,1,0,0,0.001128927191060659,3893.65,Low
TotalWorkingYears,-1.042,Reduces Risk,1377,2,0,0,0.001128927191060659,3893.65,Low
Travels Rarely,-0.622,Reduces Risk,1377,3,0,0,0.001128927191060659,3893.65,Low
JobSatisfaction,-0.51,Reduces Risk,1377,4,0,0,0.001128927191060659,3893.65,Low
Single,-0.475,Reduces Risk,1377,5,0,0,0.001128927191060659,3893.65,Low
Laboratory Technician,1.794,Increases Risk,1133,1,0,0,0.19895799787869306,174621.46,High
DistanceFromHome,0.743,Increases Risk,1133,2,0,0,0.19895799787869306,174621.46,High
NumCompaniesWorked,0.495,Increases Risk,1133,3,0,0,0.19895799787869306,174621.46,High
TrainingTimesLastYear,0.434,Increases Risk,1133,4,0,0,0.19895799787869306,174621.46,High
Technical Degree,0.428,Increases Risk,1133,5,0,0,0.19895799787869306,174621.46,High
JobInvolvement,-0.61,Reduces Risk,1133,1,0,0,0.19895799787869306,174621.46,High
EnvironmentSatisfaction,-0.588,Reduces Risk,1133,2,0,0,0.19895799787869306,174621.46,High
Travels Frequently,-0.49,Reduces Risk,1133,3,0,0,0.19895799787869306,174621.46,High
Single,-0.475,Reduces Risk,1133,4,0,0,0.19895799787869306,174621.46,High
Overtime,-0.409,Reduces Risk,1133,5,0,0,0.19895799787869306,174621.46,High
Laboratory Technician,1.794,Increases Risk,111,1,1,1,0.809981455187903,885568.92,High
Overtime,1.744,Increases Risk,111,2,1,1,0.809981455187903,885568.92,High
Travels Frequently,1.326,Increases Risk,111,3,1,1,0.809981455187903,885568.92,High
Single,0.883,Increases Risk,111,4,1,1,0.809981455187903,885568.92,High
JobInvolvement,0.819,Increases Risk,111,5,1,1,0.809981455187903,885568.92,High
Travels Rarely,-0.622,Reduces Risk,111,1,1,1,0.809981455187903,885568.92,High
YearsInCurrentRole,-0.513,Reduces Risk,111,2,1,1,0.809981455187903,885568.92,High
Life Sciences,-0.373,Reduces Risk,111,3,1,1,0.809981455187903,885568.92,High
NumCompaniesWorked,-0.32,Reduces Risk,111,4,1,1,0.809981455187903,885568.92,High
YearsSinceLastPromotion,-0.313,Reduces Risk,111,5,1,1,0.809981455187903,885568.92,High
Sales Executive,0.696,Increases Risk,1251,1,0,0,0.04102813096392704,52729.35,Medium
JobSatisfaction,0.676,Increases Risk,1251,2,0,0,0.04102813096392704,52729.35,Medium
Sales Department,0.404,Increases Risk,1251,3,0,0,0.04102813096392704,52729.35,Medium
Travels Rarely,0.35,Increases Risk,1251,4,0,0,0.04102813096392704,52729.35,Medium
JobInvolvement,0.343,Increases Risk,1251,5,0,0,0.04102813096392704,52729.35,Medium
YearsInCurrentRole,-0.513,Reduces Risk,1251,1,0,0,0.04102813096392704,52729.35,Medium
Travels Frequently,-0.49,Reduces Risk,1251,2,0,0,0.04102813096392704,52729.35,Medium
Single,-0.475,Reduces Risk,1251,3,0,0,0.04102813096392704,52729.35,Medium
YearsWithCurrManager,-0.416,Reduces Risk,1251,4,0,0,0.04102813096392704,52729.35,Medium
Overtime,-0.409,Reduces Risk,1251,5,0,0,0.04102813096392704,52729.35,Medium
YearsInCurrentRole,0.73,Increases Risk,1191,1,0,0,0.06267181821065156,61774.36,Medium
Sales Executive,0.696,Increases Risk,1191,2,0,0,0.06267181821065156,61774.36,Medium
EnvironmentSatisfaction,0.55,Increases Risk,1191,3,0,0,0.06267181821065156,61774.36,Medium
Sales Department,0.404,Increases Risk,1191,4,0,0,0.06267181821065156,61774.36,Medium
YearsAtCompany,0.379,Increases Risk,1191,5,0,0,0.06267181821065156,61774.36,Medium
JobSatisfaction,-0.51,Reduces Risk,1191,1,0,0,0.06267181821065156,61774.36,Medium
Travels Frequently,-0.49,Reduces Risk,1191,2,0,0,0.06267181821065156,61774.36,Medium
Single,-0.475,Reduces Risk,1191,3,0,0,0.06267181821065156,61774.36,Medium
Overtime,-0.409,Reduces Risk,1191,4,0,0,0.06267181821065156,61774.36,Medium
Life Sciences,-0.373,Reduces Risk,1191,5,0,0,0.06267181821065156,61774.36,Medium
Human Resources,1.787,Increases Risk,943,1,0,0,0.06354833006939284,39154.67,Medium
Single,0.883,Increases Risk,943,2,0,0,0.06354833006939284,39154.67,Medium
NumCompaniesWorked,0.699,Increases Risk,943,3,0,0,0.06354833006939284,39154.67,Medium
JobSatisfaction,0.676,Increases Risk,943,4,0,0,0.06354833006939284,39154.67,Medium
YearsSinceLastPromotion,0.49,Increases Risk,943,5,0,0,0.06354833006939284,39154.67,Medium
EnvironmentSatisfaction,-0.588,Reduces Risk,943,1,0,0,0.06354833006939284,39154.67,Medium
WorkLifeBalance,-0.515,Reduces Risk,943,2,0,0,0.06354833006939284,39154.67,Medium
Travels Frequently,-0.49,Reduces Risk,943,3,0,0,0.06354833006939284,39154.67,Medium
YearsWithCurrManager,-0.416,Reduces Risk,943,4,0,0,0.06354833006939284,39154.67,Medium
Overtime,-0.409,Reduces Risk,943,5,0,0,0.06354833006939284,39154.67,Medium
YearsInCurrentRole,0.73,Increases Risk,661,1,0,0,0.024470566538019784,20988.4,Low
EnvironmentSatisfaction,0.55,Increases Risk,661,2,0,0,0.024470566538019784,20988.4,Low
Manufacturing Director,0.541,Increases Risk,661,3,0,0,0.024470566538019784,20988.4,Low
YearsWithCurrManager,0.503,Increases Risk,661,4,0,0,0.024470566538019784,20988.4,Low
TotalWorkingYears,0.379,Increases Risk,661,5,0,0,0.024470566538019784,20988.4,Low
YearsAtCompany,-0.609,Reduces Risk,661,1,0,0,0.024470566538019784,20988.4,Low
WorkLifeBalance,-0.515,Reduces Risk,661,2,0,0,0.024470566538019784,20988.4,Low
Travels Frequently,-0.49,Reduces Risk,661,3,0,0,0.024470566538019784,20988.4,Low
Single,-0.475,Reduces Risk,661,4,0,0,0.024470566538019784,20988.4,Low
Overtime,-0.409,Reduces Risk,661,5,0,0,0.024470566538019784,20988.4,Low
Laboratory Technician,1.794,Increases Risk,1240,1,0,0,0.020862277422839685,24303.72,Low
Overtime,1.744,Increases Risk,1240,2,0,0,0.020862277422839685,24303.72,Low
YearsSinceLastPromotion,0.49,Increases Risk,1240,3,0,0,0.020862277422839685,24303.72,Low
YearsAtCompany,0.269,Increases Risk,1240,4,0,0,0.020862277422839685,24303.72,Low
Married,0.239,Increases Risk,1240,5,0,0,0.020862277422839685,24303.72,Low
YearsInCurrentRole,-0.691,Reduces Risk,1240,1,0,0,0.020862277422839685,24303.72,Low
Travels Rarely,-0.622,Reduces Risk,1240,2,0,0,0.020862277422839685,24303.72,Low
EnvironmentSatisfaction,-0.588,Reduces Risk,1240,3,0,0,0.020862277422839685,24303.72,Low
YearsWithCurrManager,-0.547,Reduces Risk,1240,4,0,0,0.020862277422839685,24303.72,Low
JobSatisfaction,-0.51,Reduces Risk,1240,5,0,0,0.020862277422839685,24303.72,Low
YearsSinceLastPromotion,0.972,Increases Risk,1218,1,0,0,0.05684930224044197,94561.99,Medium
Single,0.883,Increases Risk,1218,2,0,0,0.05684930224044197,94561.99,Medium
Sales Executive,0.696,Increases Risk,1218,3,0,0,0.05684930224044197,94561.99,Medium
Sales Department,0.404,Increases Risk,1218,4,0,0,0.05684930224044197,94561.99,Medium
YearsAtCompany,0.379,Increases Risk,1218,5,0,0,0.05684930224044197,94561.99,Medium
YearsInCurrentRole,-0.691,Reduces Risk,1218,1,0,0,0.05684930224044197,94561.99,Medium
EnvironmentSatisfaction,-0.588,Reduces Risk,1218,2,0,0,0.05684930224044197,94561.99,Medium
Travels Frequently,-0.49,Reduces Risk,1218,3,0,0,0.05684930224044197,94561.99,Medium
YearsWithCurrManager,-0.416,Reduces Risk,1218,4,0,0,0.05684930224044197,94561.99,Medium
Overtime,-0.409,Reduces Risk,1218,5,0,0,0.05684930224044197,94561.99,Medium
Research Scientist,0.75,Increases Risk,570,1,0,0,0.003764038343375738,2884.91,Low
DistanceFromHome,0.41,Increases Risk,570,2,0,0,0.003764038343375738,2884.91,Low
TotalWorkingYears,0.32,Increases Risk,570,3,0,0,0.003764038343375738,2884.91,Low
RelationshipSatisfaction,0.267,Increases Risk,570,4,0,0,0.003764038343375738,2884.91,Low
YearsWithCurrManager,0.24,Increases Risk,570,5,0,0,0.003764038343375738,2884.91,Low
Travels Rarely,-0.622,Reduces Risk,570,1,0,0,0.003764038343375738,2884.91,Low
EnvironmentSatisfaction,-0.588,Reduces Risk,570,2,0,0,0.003764038343375738,2884.91,Low
NumCompaniesWorked,-0.524,Reduces Risk,570,3,0,0,0.003764038343375738,2884.91,Low
JobSatisfaction,-0.51,Reduces Risk,570,4,0,0,0.003764038343375738,2884.91,Low
Travels Frequently,-0.49,Reduces Risk,570,5,0,0,0.003764038343375738,2884.91,Low
Overtime,1.744,Increases Risk,354,1,0,0,0.43917374124527403,374386.83,High
NumCompaniesWorked,0.903,Increases Risk,354,2,0,0,0.43917374124527403,374386.83,High
Sales Executive,0.696,Increases Risk,354,3,0,0,0.43917374124527403,374386.83,High
DistanceFromHome,0.66,Increases Risk,354,4,0,0,0.43917374124527403,374386.83,High
Technical Degree,0.428,Increases Risk,354,5,0,0,0.43917374124527403,374386.83,High
Travels Rarely,-0.622,Reduces Risk,354,1,0,0,0.43917374124527403,374386.83,High
EnvironmentSatisfaction,-0.588,Reduces Risk,354,2,0,0,0.43917374124527403,374386.83,High
WorkLifeBalance,-0.515,Reduces Risk,354,3,0,0,0.43917374124527403,374386.83,High
YearsAtCompany,-0.5,Reduces Risk,354,4,0,0,0.43917374124527403,374386.83,High
Travels Frequently,-0.49,Reduces Risk,354,5,0,0,0.43917374124527403,374386.83,High
NumCompaniesWorked,1.106,Increases Risk,1114,1,0,0,0.19062471091216462,81217.56,Medium
YearsSinceLastPromotion,0.812,Increases Risk,1114,2,0,0,0.19062471091216462,81217.56,Medium
Research Scientist,0.75,Increases Risk,1114,3,0,0,0.19062471091216462,81217.56,Medium
JobSatisfaction,0.676,Increases Risk,1114,4,0,0,0.19062471091216462,81217.56,Medium
YearsInCurrentRole,0.375,Increases Risk,1114,5,0,0,0.19062471091216462,81217.56,Medium
Other Education,-0.519,Reduces Risk,1114,1,0,0,0.19062471091216462,81217.56,Medium
Travels Frequently,-0.49,Reduces Risk,1114,2,0,0,0.19062471091216462,81217.56,Medium
Single,-0.475,Reduces Risk,1114,3,0,0,0.19062471091216462,81217.56,Medium
Overtime,-0.409,Reduces Risk,1114,4,0,0,0.19062471091216462,81217.56,Medium
Age,-0.327,Reduces Risk,1114,5,0,0,0.19062471091216462,81217.56,Medium
JobInvolvement,0.819,Increases Risk,1090,1,0,0,0.009223196335007636,16128.6,Low
JobSatisfaction,0.676,Increases Risk,1090,2,0,0,0.009223196335007636,16128.6,Low
Travels Rarely,0.35,Increases Risk,1090,3,0,0,0.009223196335007636,16128.6,Low
Married,0.239,Increases Risk,1090,4,0,0,0.009223196335007636,16128.6,Low
Life Sciences,0.219,Increases Risk,1090,5,0,0,0.009223196335007636,16128.6,Low
Other Education,-0.519,Reduces Risk,1090,1,0,0,0.009223196335007636,16128.6,Low
YearsInCurrentRole,-0.513,Reduces Risk,1090,2,0,0,0.009223196335007636,16128.6,Low
Travels Frequently,-0.49,Reduces Risk,1090,3,0,0,0.009223196335007636,16128.6,Low
Single,-0.475,Reduces Risk,1090,4,0,0,0.009223196335007636,16128.6,Low
YearsWithCurrManager,-0.416,Reduces Risk,1090,5,0,0,0.009223196335007636,16128.6,Low
Overtime,1.744,Increases Risk,316,1,0,0,0.18924397964513798,475668.53,High
NumCompaniesWorked,0.903,Increases Risk,316,2,0,0,0.18924397964513798,475668.53,High
Single,0.883,Increases Risk,316,3,0,0,0.18924397964513798,475668.53,High
YearsInCurrentRole,0.552,Increases Risk,316,4,0,0,0.18924397964513798,475668.53,High
Technical Degree,0.428,Increases Risk,316,5,0,0,0.18924397964513798,475668.53,High
TotalWorkingYears,-0.865,Reduces Risk,316,1,0,0,0.18924397964513798,475668.53,High
Travels Frequently,-0.49,Reduces Risk,316,2,0,0,0.18924397964513798,475668.53,High
YearsWithCurrManager,-0.416,Reduces Risk,316,3,0,0,0.18924397964513798,475668.53,High
Age,-0.353,Reduces Risk,316,4,0,0,0.18924397964513798,475668.53,High
DistanceFromHome,-0.339,Reduces Risk,316,5,0,0,0.18924397964513798,475668.53,High
JobInvolvement,0.819,Increases Risk,1458,1,0,0,0.010980081492637597,5883.79,Low
Research Scientist,0.75,Increases Risk,1458,2,0,0,0.010980081492637597,5883.79,Low
TotalWorkingYears,0.379,Increases Risk,1458,3,0,0,0.010980081492637597,5883.79,Low
YearsWithCurrManager,0.372,Increases Risk,1458,4,0,0,0.010980081492637597,5883.79,Low
Travels Rarely,0.35,Increases Risk,1458,5,0,0,0.010980081492637597,5883.79,Low
JobSatisfaction,-0.51,Reduces Risk,1458,1,0,0,0.010980081492637597,5883.79,Low
Travels Frequently,-0.49,Reduces Risk,1458,2,0,0,0.010980081492637597,5883.79,Low
Single,-0.475,Reduces Risk,1458,3,0,0,0.010980081492637597,5883.79,Low
Overtime,-0.409,Reduces Risk,1458,4,0,0,0.010980081492637597,5883.79,Low
Life Sciences,-0.373,Reduces Risk,1458,5,0,0,0.010980081492637597,5883.79,Low
Travels Frequently,1.326,Increases Risk,1070,1,0,0,0.19233588609662222,169571.01,High
Single,0.883,Increases Risk,1070,2,0,0,0.19233588609662222,169571.01,High
Sales Executive,0.696,Increases Risk,1070,3,0,0,0.19233588609662222,169571.01,High
JobSatisfaction,0.676,Increases Risk,1070,4,0,0,0.19233588609662222,169571.01,High
Sales Department,0.404,Increases Risk,1070,5,0,0,0.19233588609662222,169571.01,High
Travels Rarely,-0.622,Reduces Risk,1070,1,0,0,0.19233588609662222,169571.01,High
NumCompaniesWorked,-0.524,Reduces Risk,1070,2,0,0,0.19233588609662222,169571.01,High
Overtime,-0.409,Reduces Risk,1070,3,0,0,0.19233588609662222,169571.01,High
Life Sciences,-0.373,Reduces Risk,1070,4,0,0,0.19233588609662222,169571.01,High
TrainingTimesLastYear,-0.363,Reduces Risk,1070,5,0,0,0.19233588609662222,169571.01,High
Laboratory Technician,1.794,Increases Risk,682,1,0,0,0.05751051355628701,24140.61,Low
YearsInCurrentRole,0.73,Increases Risk,682,2,0,0,0.05751051355628701,24140.61,Low
NumCompaniesWorked,0.699,Increases Risk,682,3,0,0,0.05751051355628701,24140.61,Low
JobInvolvement,0.343,Increases Risk,682,4,0,0,0.05751051355628701,24140.61,Low
TotalWorkingYears,0.32,Increases Risk,682,5,0,0,0.05751051355628701,24140.61,Low
Travels Rarely,-0.622,Reduces Risk,682,1,0,0,0.05751051355628701,24140.61,Low
Travels Frequently,-0.49,Reduces Risk,682,2,0,0,0.05751051355628701,24140.61,Low
Single,-0.475,Reduces Risk,682,3,0,0,0.05751051355628701,24140.61,Low
Overtime,-0.409,Reduces Risk,682,4,0,0,0.05751051355628701,24140.61,Low
YearsAtCompany,-0.39,Reduces Risk,682,5,0,0,0.05751051355628701,24140.61,Low
YearsAtCompany,0.708,Increases Risk,394,1,0,0,0.005939300437928476,4603.43,Low
JobSatisfaction,0.676,Increases Risk,394,2,0,0,0.005939300437928476,4603.43,Low
WorkLifeBalance,0.589,Increases Risk,394,3,0,0,0.005939300437928476,4603.43,Low
Manufacturing Director,0.541,Increases Risk,394,4,0,0,0.005939300437928476,4603.43,Low
Travels Rarely,0.35,Increases Risk,394,5,0,0,0.005939300437928476,4603.43,Low
YearsWithCurrManager,-1.073,Reduces Risk,394,1,0,0,0.005939300437928476,4603.43,Low
YearsInCurrentRole,-1.046,Reduces Risk,394,2,0,0,0.005939300437928476,4603.43,Low
Travels Frequently,-0.49,Reduces Risk,394,3,0,0,0.005939300437928476,4603.43,Low
Single,-0.475,Reduces Risk,394,4,0,0,0.005939300437928476,4603.43,Low
Overtime,-0.409,Reduces Risk,394,5,0,0,0.005939300437928476,4603.43,Low
Single,0.883,Increases Risk,567,1,0,0,0.013719817611957492,15494.06,Low
Sales Executive,0.696,Increases Risk,567,2,0,0,0.013719817611957492,15494.06,Low
Sales Department,0.404,Increases Risk,567,3,0,0,0.013719817611957492,15494.06,Low
Travels Rarely,0.35,Increases Risk,567,4,0,0,0.013719817611957492,15494.06,Low
TotalWorkingYears,0.261,Increases Risk,567,5,0,0,0.013719817611957492,15494.06,Low
EnvironmentSatisfaction,-0.588,Reduces Risk,567,1,0,0,0.013719817611957492,15494.06,Low
Other Education,-0.519,Reduces Risk,567,2,0,0,0.013719817611957492,15494.06,Low
JobSatisfaction,-0.51,Reduces Risk,567,3,0,0,0.013719817611957492,15494.06,Low
Travels Frequently,-0.49,Reduces Risk,567,4,0,0,0.013719817611957492,15494.06,Low
Overtime,-0.409,Reduces Risk,567,5,0,0,0.013719817611957492,15494.06,Low
YearsInCurrentRole,0.73,Increases Risk,560,1,0,0,0.023997583295270044,22120.49,Low
JobSatisfaction,0.676,Increases Risk,560,2,0,0,0.023997583295270044,22120.49,Low
Manufacturing Director,0.541,Increases Risk,560,3,0,0,0.023997583295270044,22120.49,Low
YearsWithCurrManager,0.503,Increases Risk,560,4,0,0,0.023997583295270044,22120.49,Low
Travels Rarely,0.35,Increases Risk,560,5,0,0,0.023997583295270044,22120.49,Low
YearsAtCompany,-0.719,Reduces Risk,560,1,0,0,0.023997583295270044,22120.49,Low
Travels Frequently,-0.49,Reduces Risk,560,2,0,0,0.023997583295270044,22120.49,Low
Single,-0.475,Reduces Risk,560,3,0,0,0.023997583295270044,22120.49,Low
Overtime,-0.409,Reduces Risk,560,4,0,0,0.023997583295270044,22120.49,Low
Life Sciences,-0.373,Reduces Risk,560,5,0,0,0.023997583295270044,22120.49,Low
Overtime,1.744,Increases Risk,945,1,0,0,0.027612612763544413,83898.16,Medium
DistanceFromHome,0.784,Increases Risk,945,2,0,0,0.027612612763544413,83898.16,Medium
JobSatisfaction,0.676,Increases Risk,945,3,0,0,0.027612612763544413,83898.16,Medium
EstimatedMonthlySalary,0.458,Increases Risk,945,4,0,0,0.027612612763544413,83898.16,Medium
YearsInCurrentRole,0.375,Increases Risk,945,5,0,0,0.027612612763544413,83898.16,Medium
JobRole_Research Director,-1.125,Reduces Risk,945,1,0,0,0.027612612763544413,83898.16,Medium
TotalWorkingYears,-0.865,Reduces Risk,945,2,0,0,0.027612612763544413,83898.16,Medium
EnvironmentSatisfaction,-0.588,Reduces Risk,945,3,0,0,0.027612612763544413,83898.16,Medium
Travels Frequently,-0.49,Reduces Risk,945,4,0,0,0.027612612763544413,83898.16,Medium
Single,-0.475,Reduces Risk,945,5,0,0,0.027612612763544413,83898.16,Medium
Single,0.883,Increases Risk,522,1,0,0,0.04152785179568025,34983.06,Medium
Research Scientist,0.75,Increases Risk,522,2,0,0,0.04152785179568025,34983.06,Medium
YearsInCurrentRole,0.73,Increases Risk,522,3,0,0,0.04152785179568025,34983.06,Medium
YearsWithCurrManager,0.503,Increases Risk,522,4,0,0,0.04152785179568025,34983.06,Medium
TotalWorkingYears,0.379,Increases Risk,522,5,0,0,0.04152785179568025,34983.06,Medium
JobInvolvement,-0.61,Reduces Risk,522,1,0,0,0.04152785179568025,34983.06,Medium
YearsAtCompany,-0.609,Reduces Risk,522,2,0,0,0.04152785179568025,34983.06,Medium
EnvironmentSatisfaction,-0.588,Reduces Risk,522,3,0,0,0.04152785179568025,34983.06,Medium
JobSatisfaction,-0.51,Reduces Risk,522,4,0,0,0.04152785179568025,34983.06,Medium
Travels Frequently,-0.49,Reduces Risk,522,5,0,0,0.04152785179568025,34983.06,Medium
Overtime,1.744,Increases Risk,651,1,0,0,0.06695434872187717,54678.94,Medium
YearsSinceLastPromotion,0.812,Increases Risk,651,2,0,0,0.06695434872187717,54678.94,Medium
Sales Executive,0.696,Increases Risk,651,3,0,0,0.06695434872187717,54678.94,Medium
Sales Department,0.404,Increases Risk,651,4,0,0,0.06695434872187717,54678.94,Medium
Travels Rarely,0.35,Increases Risk,651,5,0,0,0.06695434872187717,54678.94,Medium
NumCompaniesWorked,-0.524,Reduces Risk,651,1,0,0,0.06695434872187717,54678.94,Medium
JobSatisfaction,-0.51,Reduces Risk,651,2,0,0,0.06695434872187717,54678.94,Medium
Travels Frequently,-0.49,Reduces Risk,651,3,0,0,0.06695434872187717,54678.94,Medium
Single,-0.475,Reduces Risk,651,4,0,0,0.06695434872187717,54678.94,Medium
YearsWithCurrManager,-0.416,Reduces Risk,651,5,0,0,0.06695434872187717,54678.94,Medium
